/Users/cj/Documents/bots/bot_predict/bot.py:456: PTBUserWarning: If 'per_message=False', 'CallbackQueryHandler' will not be tracked for every message. Read this FAQ entry to learn more about the per_* settings: https://github.com/python-telegram-bot/python-telegram-bot/wiki/Frequently-Asked-Questions#what-do-the-per_-settings-in-conversationhandler-do.
  app.add_handler(ConversationHandler(
2026-09-29 14:25:50,713 INFO SB24 – ទាយលទ្ធផល is running…
2026-09-29 14:25:52,813 INFO HTTP Request: POST https://api.telegram.org/bot123456789:your-bot-token-here/getMe "HTTP/1.1 401 Unauthorized"
2026-09-29 14:25:52,817 ERROR Network Retry Loop (Bootstrap Initialize Application): Invalid token. Aborting retry loop.
Traceback (most recent call last):
  File "/Users/cj/Library/Python/3.9/lib/python/site-packages/telegram/_bot.py", line 854, in initialize
    await self.get_me()
  File "/Users/cj/Library/Python/3.9/lib/python/site-packages/telegram/ext/_extbot.py", line 1999, in get_me
    return await super().get_me(
  File "/Users/cj/Library/Python/3.9/lib/python/site-packages/telegram/_bot.py", line 985, in get_me
    result = await self._post(
  File "/Users/cj/Library/Python/3.9/lib/python/site-packages/telegram/_bot.py", line 703, in _post
    return await self._do_post(
  File "/Users/cj/Library/Python/3.9/lib/python/site-packages/telegram/ext/_extbot.py", line 372, in _do_post
    return await super()._do_post(
  File "/Users/cj/Library/Python/3.9/lib/python/site-packages/telegram/_bot.py", line 732, in _do_post
    result = await request.post(
  File "/Users/cj/Library/Python/3.9/lib/python/site-packages/telegram/request/_baserequest.py", line 198, in post
    result = await self._request_wrapper(
  File "/Users/cj/Library/Python/3.9/lib/python/site-packages/telegram/request/_baserequest.py", line 375, in _request_wrapper
    raise exception
telegram.error.InvalidToken: Unauthorized

The above exception was the direct cause of the following exception:

Traceback (most recent call last):
  File "/Users/cj/Library/Python/3.9/lib/python/site-packages/telegram/ext/_utils/networkloop.py", line 134, in network_retry_loop
    await do_action()
  File "/Users/cj/Library/Python/3.9/lib/python/site-packages/telegram/ext/_utils/networkloop.py", line 109, in do_action
    await action_cb()
  File "/Users/cj/Library/Python/3.9/lib/python/site-packages/telegram/ext/_application.py", line 489, in initialize
    await self.bot.initialize()
  File "/Users/cj/Library/Python/3.9/lib/python/site-packages/telegram/ext/_extbot.py", line 318, in initialize
    await super().initialize()
  File "/Users/cj/Library/Python/3.9/lib/python/site-packages/telegram/_bot.py", line 856, in initialize
    raise InvalidToken(f"The token `{self._token}` was rejected by the server.") from exc
telegram.error.InvalidToken: The token `123456789:your-bot-token-here` was rejected by the server.
Traceback (most recent call last):
  File "/Users/cj/Library/Python/3.9/lib/python/site-packages/telegram/_bot.py", line 854, in initialize
    await self.get_me()
  File "/Users/cj/Library/Python/3.9/lib/python/site-packages/telegram/ext/_extbot.py", line 1999, in get_me
    return await super().get_me(
  File "/Users/cj/Library/Python/3.9/lib/python/site-packages/telegram/_bot.py", line 985, in get_me
    result = await self._post(
  File "/Users/cj/Library/Python/3.9/lib/python/site-packages/telegram/_bot.py", line 703, in _post
    return await self._do_post(
  File "/Users/cj/Library/Python/3.9/lib/python/site-packages/telegram/ext/_extbot.py", line 372, in _do_post
    return await super()._do_post(
  File "/Users/cj/Library/Python/3.9/lib/python/site-packages/telegram/_bot.py", line 732, in _do_post
    result = await request.post(
  File "/Users/cj/Library/Python/3.9/lib/python/site-packages/telegram/request/_baserequest.py", line 198, in post
    result = await self._request_wrapper(
  File "/Users/cj/Library/Python/3.9/lib/python/site-packages/telegram/request/_baserequest.py", line 375, in _request_wrapper
    raise exception
telegram.error.InvalidToken: Unauthorized

The above exception was the direct cause of the following exception:

Traceback (most recent call last):
  File "/Users/cj/Documents/bots/bot_predict/bot.py", line 482, in <module>
    main()
  File "/Users/cj/Documents/bots/bot_predict/bot.py", line 478, in main
    app.run_polling(allowed_updates=Update.ALL_TYPES)
  File "/Users/cj/Library/Python/3.9/lib/python/site-packages/telegram/ext/_application.py", line 839, in run_polling
    return self.__run(
  File "/Users/cj/Library/Python/3.9/lib/python/site-packages/telegram/ext/_application.py", line 1054, in __run
    loop.run_until_complete(self._bootstrap_initialize(max_retries=bootstrap_retries))
  File "/Applications/Xcode.app/Contents/Developer/Library/Frameworks/Python3.framework/Versions/3.9/lib/python3.9/asyncio/base_events.py", line 642, in run_until_complete
    return future.result()
  File "/Users/cj/Library/Python/3.9/lib/python/site-packages/telegram/ext/_application.py", line 1014, in _bootstrap_initialize
    await network_retry_loop(
  File "/Users/cj/Library/Python/3.9/lib/python/site-packages/telegram/ext/_utils/networkloop.py", line 134, in network_retry_loop
    await do_action()
  File "/Users/cj/Library/Python/3.9/lib/python/site-packages/telegram/ext/_utils/networkloop.py", line 109, in do_action
    await action_cb()
  File "/Users/cj/Library/Python/3.9/lib/python/site-packages/telegram/ext/_application.py", line 489, in initialize
    await self.bot.initialize()
  File "/Users/cj/Library/Python/3.9/lib/python/site-packages/telegram/ext/_extbot.py", line 318, in initialize
    await super().initialize()
  File "/Users/cj/Library/Python/3.9/lib/python/site-packages/telegram/_bot.py", line 856, in initialize
    raise InvalidToken(f"The token `{self._token}` was rejected by the server.") from exc
telegram.error.InvalidToken: The token `123456789:your-bot-token-here` was rejected by the server.
/Users/cj/Documents/bots/bot_predict/bot.py:456: PTBUserWarning: If 'per_message=False', 'CallbackQueryHandler' will not be tracked for every message. Read this FAQ entry to learn more about the per_* settings: https://github.com/python-telegram-bot/python-telegram-bot/wiki/Frequently-Asked-Questions#what-do-the-per_-settings-in-conversationhandler-do.
  app.add_handler(ConversationHandler(
2026-09-29 14:26:29,469 INFO SB24 – ទាយលទ្ធផល is running…
2026-09-29 14:26:30,373 INFO HTTP Request: POST https://api.telegram.org/bot123456789:your-bot-token-here/getMe "HTTP/1.1 401 Unauthorized"
2026-09-29 14:26:30,374 ERROR Network Retry Loop (Bootstrap Initialize Application): Invalid token. Aborting retry loop.
Traceback (most recent call last):
  File "/Users/cj/Library/Python/3.9/lib/python/site-packages/telegram/_bot.py", line 854, in initialize
    await self.get_me()
  File "/Users/cj/Library/Python/3.9/lib/python/site-packages/telegram/ext/_extbot.py", line 1999, in get_me
    return await super().get_me(
  File "/Users/cj/Library/Python/3.9/lib/python/site-packages/telegram/_bot.py", line 985, in get_me
    result = await self._post(
  File "/Users/cj/Library/Python/3.9/lib/python/site-packages/telegram/_bot.py", line 703, in _post
    return await self._do_post(
  File "/Users/cj/Library/Python/3.9/lib/python/site-packages/telegram/ext/_extbot.py", line 372, in _do_post
    return await super()._do_post(
  File "/Users/cj/Library/Python/3.9/lib/python/site-packages/telegram/_bot.py", line 732, in _do_post
    result = await request.post(
  File "/Users/cj/Library/Python/3.9/lib/python/site-packages/telegram/request/_baserequest.py", line 198, in post
    result = await self._request_wrapper(
  File "/Users/cj/Library/Python/3.9/lib/python/site-packages/telegram/request/_baserequest.py", line 375, in _request_wrapper
    raise exception
telegram.error.InvalidToken: Unauthorized

The above exception was the direct cause of the following exception:

Traceback (most recent call last):
  File "/Users/cj/Library/Python/3.9/lib/python/site-packages/telegram/ext/_utils/networkloop.py", line 134, in network_retry_loop
    await do_action()
  File "/Users/cj/Library/Python/3.9/lib/python/site-packages/telegram/ext/_utils/networkloop.py", line 109, in do_action
    await action_cb()
  File "/Users/cj/Library/Python/3.9/lib/python/site-packages/telegram/ext/_application.py", line 489, in initialize
    await self.bot.initialize()
  File "/Users/cj/Library/Python/3.9/lib/python/site-packages/telegram/ext/_extbot.py", line 318, in initialize
    await super().initialize()
  File "/Users/cj/Library/Python/3.9/lib/python/site-packages/telegram/_bot.py", line 856, in initialize
    raise InvalidToken(f"The token `{self._token}` was rejected by the server.") from exc
telegram.error.InvalidToken: The token `123456789:your-bot-token-here` was rejected by the server.
Traceback (most recent call last):
  File "/Users/cj/Library/Python/3.9/lib/python/site-packages/telegram/_bot.py", line 854, in initialize
    await self.get_me()
  File "/Users/cj/Library/Python/3.9/lib/python/site-packages/telegram/ext/_extbot.py", line 1999, in get_me
    return await super().get_me(
  File "/Users/cj/Library/Python/3.9/lib/python/site-packages/telegram/_bot.py", line 985, in get_me
    result = await self._post(
  File "/Users/cj/Library/Python/3.9/lib/python/site-packages/telegram/_bot.py", line 703, in _post
    return await self._do_post(
  File "/Users/cj/Library/Python/3.9/lib/python/site-packages/telegram/ext/_extbot.py", line 372, in _do_post
    return await super()._do_post(
  File "/Users/cj/Library/Python/3.9/lib/python/site-packages/telegram/_bot.py", line 732, in _do_post
    result = await request.post(
  File "/Users/cj/Library/Python/3.9/lib/python/site-packages/telegram/request/_baserequest.py", line 198, in post
    result = await self._request_wrapper(
  File "/Users/cj/Library/Python/3.9/lib/python/site-packages/telegram/request/_baserequest.py", line 375, in _request_wrapper
    raise exception
telegram.error.InvalidToken: Unauthorized

The above exception was the direct cause of the following exception:

Traceback (most recent call last):
  File "/Users/cj/Documents/bots/bot_predict/bot.py", line 482, in <module>
    main()
  File "/Users/cj/Documents/bots/bot_predict/bot.py", line 478, in main
    app.run_polling(allowed_updates=Update.ALL_TYPES)
  File "/Users/cj/Library/Python/3.9/lib/python/site-packages/telegram/ext/_application.py", line 839, in run_polling
    return self.__run(
  File "/Users/cj/Library/Python/3.9/lib/python/site-packages/telegram/ext/_application.py", line 1054, in __run
    loop.run_until_complete(self._bootstrap_initialize(max_retries=bootstrap_retries))
  File "/Applications/Xcode.app/Contents/Developer/Library/Frameworks/Python3.framework/Versions/3.9/lib/python3.9/asyncio/base_events.py", line 642, in run_until_complete
    return future.result()
  File "/Users/cj/Library/Python/3.9/lib/python/site-packages/telegram/ext/_application.py", line 1014, in _bootstrap_initialize
    await network_retry_loop(
  File "/Users/cj/Library/Python/3.9/lib/python/site-packages/telegram/ext/_utils/networkloop.py", line 134, in network_retry_loop
    await do_action()
  File "/Users/cj/Library/Python/3.9/lib/python/site-packages/telegram/ext/_utils/networkloop.py", line 109, in do_action
    await action_cb()
  File "/Users/cj/Library/Python/3.9/lib/python/site-packages/telegram/ext/_application.py", line 489, in initialize
    await self.bot.initialize()
  File "/Users/cj/Library/Python/3.9/lib/python/site-packages/telegram/ext/_extbot.py", line 318, in initialize
    await super().initialize()
  File "/Users/cj/Library/Python/3.9/lib/python/site-packages/telegram/_bot.py", line 856, in initialize
    raise InvalidToken(f"The token `{self._token}` was rejected by the server.") from exc
telegram.error.InvalidToken: The token `123456789:your-bot-token-here` was rejected by the server.
/Users/cj/Documents/bots/bot_predict/bot.py:456: PTBUserWarning: If 'per_message=False', 'CallbackQueryHandler' will not be tracked for every message. Read this FAQ entry to learn more about the per_* settings: https://github.com/python-telegram-bot/python-telegram-bot/wiki/Frequently-Asked-Questions#what-do-the-per_-settings-in-conversationhandler-do.
  app.add_handler(ConversationHandler(
2026-09-29 14:27:03,493 INFO SB24 – ទាយលទ្ធផល is running…
2026-09-29 14:27:04,354 INFO HTTP Request: POST https://api.telegram.org/bot8953159917:AAF7yuqOxcumb-yB2aglMKMfK79WM7GzaQc/getMe "HTTP/1.1 200 OK"
2026-09-29 14:27:04,729 INFO HTTP Request: POST https://api.telegram.org/bot8953159917:AAF7yuqOxcumb-yB2aglMKMfK79WM7GzaQc/setMyCommands "HTTP/1.1 200 OK"
2026-09-29 14:27:05,017 INFO HTTP Request: POST https://api.telegram.org/bot8953159917:AAF7yuqOxcumb-yB2aglMKMfK79WM7GzaQc/deleteWebhook "HTTP/1.1 200 OK"
2026-09-29 14:27:05,021 INFO Application started
2026-09-29 14:27:06,569 INFO HTTP Request: POST https://api.telegram.org/bot8953159917:AAF7yuqOxcumb-yB2aglMKMfK79WM7GzaQc/getUpdates "HTTP/1.1 200 OK"
2026-09-29 14:27:06,980 INFO HTTP Request: POST https://api.telegram.org/bot8953159917:AAF7yuqOxcumb-yB2aglMKMfK79WM7GzaQc/sendMessage "HTTP/1.1 200 OK"
2026-09-29 14:27:16,794 INFO HTTP Request: POST https://api.telegram.org/bot8953159917:AAF7yuqOxcumb-yB2aglMKMfK79WM7GzaQc/getUpdates "HTTP/1.1 200 OK"
2026-09-29 14:27:21,487 INFO HTTP Request: POST https://api.telegram.org/bot8953159917:AAF7yuqOxcumb-yB2aglMKMfK79WM7GzaQc/getUpdates "HTTP/1.1 200 OK"
2026-09-29 14:27:22,580 INFO HTTP Request: POST https://api.telegram.org/bot8953159917:AAF7yuqOxcumb-yB2aglMKMfK79WM7GzaQc/sendMessage "HTTP/1.1 200 OK"
2026-09-29 14:27:31,711 INFO HTTP Request: POST https://api.telegram.org/bot8953159917:AAF7yuqOxcumb-yB2aglMKMfK79WM7GzaQc/getUpdates "HTTP/1.1 200 OK"
2026-09-29 14:27:41,932 INFO HTTP Request: POST https://api.telegram.org/bot8953159917:AAF7yuqOxcumb-yB2aglMKMfK79WM7GzaQc/getUpdates "HTTP/1.1 200 OK"
2026-09-29 14:27:52,153 INFO HTTP Request: POST https://api.telegram.org/bot8953159917:AAF7yuqOxcumb-yB2aglMKMfK79WM7GzaQc/getUpdates "HTTP/1.1 200 OK"
2026-09-29 14:28:02,447 INFO HTTP Request: POST https://api.telegram.org/bot8953159917:AAF7yuqOxcumb-yB2aglMKMfK79WM7GzaQc/getUpdates "HTTP/1.1 200 OK"
2026-09-29 14:28:12,669 INFO HTTP Request: POST https://api.telegram.org/bot8953159917:AAF7yuqOxcumb-yB2aglMKMfK79WM7GzaQc/getUpdates "HTTP/1.1 200 OK"
2026-09-29 14:28:22,891 INFO HTTP Request: POST https://api.telegram.org/bot8953159917:AAF7yuqOxcumb-yB2aglMKMfK79WM7GzaQc/getUpdates "HTTP/1.1 200 OK"
2026-09-29 14:28:33,245 INFO HTTP Request: POST https://api.telegram.org/bot8953159917:AAF7yuqOxcumb-yB2aglMKMfK79WM7GzaQc/getUpdates "HTTP/1.1 200 OK"
2026-09-29 14:28:43,468 INFO HTTP Request: POST https://api.telegram.org/bot8953159917:AAF7yuqOxcumb-yB2aglMKMfK79WM7GzaQc/getUpdates "HTTP/1.1 200 OK"
2026-09-29 14:28:53,692 INFO HTTP Request: POST https://api.telegram.org/bot8953159917:AAF7yuqOxcumb-yB2aglMKMfK79WM7GzaQc/getUpdates "HTTP/1.1 200 OK"
2026-09-29 14:29:04,020 INFO HTTP Request: POST https://api.telegram.org/bot8953159917:AAF7yuqOxcumb-yB2aglMKMfK79WM7GzaQc/getUpdates "HTTP/1.1 200 OK"
2026-09-29 14:29:14,268 INFO HTTP Request: POST https://api.telegram.org/bot8953159917:AAF7yuqOxcumb-yB2aglMKMfK79WM7GzaQc/getUpdates "HTTP/1.1 200 OK"
2026-09-29 14:29:24,628 INFO HTTP Request: POST https://api.telegram.org/bot8953159917:AAF7yuqOxcumb-yB2aglMKMfK79WM7GzaQc/getUpdates "HTTP/1.1 200 OK"
2026-09-29 14:29:34,867 INFO HTTP Request: POST https://api.telegram.org/bot8953159917:AAF7yuqOxcumb-yB2aglMKMfK79WM7GzaQc/getUpdates "HTTP/1.1 200 OK"
2026-09-29 14:29:45,102 INFO HTTP Request: POST https://api.telegram.org/bot8953159917:AAF7yuqOxcumb-yB2aglMKMfK79WM7GzaQc/getUpdates "HTTP/1.1 200 OK"
2026-09-29 14:29:55,345 INFO HTTP Request: POST https://api.telegram.org/bot8953159917:AAF7yuqOxcumb-yB2aglMKMfK79WM7GzaQc/getUpdates "HTTP/1.1 200 OK"
2026-09-29 14:30:05,573 INFO HTTP Request: POST https://api.telegram.org/bot8953159917:AAF7yuqOxcumb-yB2aglMKMfK79WM7GzaQc/getUpdates "HTTP/1.1 200 OK"
2026-09-29 14:30:15,822 INFO HTTP Request: POST https://api.telegram.org/bot8953159917:AAF7yuqOxcumb-yB2aglMKMfK79WM7GzaQc/getUpdates "HTTP/1.1 200 OK"
2026-09-29 14:30:26,066 INFO HTTP Request: POST https://api.telegram.org/bot8953159917:AAF7yuqOxcumb-yB2aglMKMfK79WM7GzaQc/getUpdates "HTTP/1.1 200 OK"
2026-09-29 14:30:36,436 INFO HTTP Request: POST https://api.telegram.org/bot8953159917:AAF7yuqOxcumb-yB2aglMKMfK79WM7GzaQc/getUpdates "HTTP/1.1 200 OK"
2026-09-29 14:30:46,744 INFO HTTP Request: POST https://api.telegram.org/bot8953159917:AAF7yuqOxcumb-yB2aglMKMfK79WM7GzaQc/getUpdates "HTTP/1.1 200 OK"
2026-09-29 14:30:56,988 INFO HTTP Request: POST https://api.telegram.org/bot8953159917:AAF7yuqOxcumb-yB2aglMKMfK79WM7GzaQc/getUpdates "HTTP/1.1 200 OK"
2026-09-29 14:31:07,221 INFO HTTP Request: POST https://api.telegram.org/bot8953159917:AAF7yuqOxcumb-yB2aglMKMfK79WM7GzaQc/getUpdates "HTTP/1.1 200 OK"
2026-09-29 14:31:17,447 INFO HTTP Request: POST https://api.telegram.org/bot8953159917:AAF7yuqOxcumb-yB2aglMKMfK79WM7GzaQc/getUpdates "HTTP/1.1 200 OK"
2026-09-29 14:31:27,706 INFO HTTP Request: POST https://api.telegram.org/bot8953159917:AAF7yuqOxcumb-yB2aglMKMfK79WM7GzaQc/getUpdates "HTTP/1.1 200 OK"
2026-09-29 14:31:38,072 INFO HTTP Request: POST https://api.telegram.org/bot8953159917:AAF7yuqOxcumb-yB2aglMKMfK79WM7GzaQc/getUpdates "HTTP/1.1 200 OK"
2026-09-29 14:31:48,295 INFO HTTP Request: POST https://api.telegram.org/bot8953159917:AAF7yuqOxcumb-yB2aglMKMfK79WM7GzaQc/getUpdates "HTTP/1.1 200 OK"
2026-09-29 14:32:03,315 ERROR No error handlers are registered, logging exception.
Traceback (most recent call last):
  File "/Users/cj/Library/Python/3.9/lib/python/site-packages/httpx/_transports/default.py", line 101, in map_httpcore_exceptions
    yield
  File "/Users/cj/Library/Python/3.9/lib/python/site-packages/httpx/_transports/default.py", line 394, in handle_async_request
    resp = await self._pool.handle_async_request(req)
  File "/Users/cj/Library/Python/3.9/lib/python/site-packages/httpcore/_async/connection_pool.py", line 256, in handle_async_request
    raise exc from None
  File "/Users/cj/Library/Python/3.9/lib/python/site-packages/httpcore/_async/connection_pool.py", line 236, in handle_async_request
    response = await connection.handle_async_request(
  File "/Users/cj/Library/Python/3.9/lib/python/site-packages/httpcore/_async/connection.py", line 101, in handle_async_request
    raise exc
  File "/Users/cj/Library/Python/3.9/lib/python/site-packages/httpcore/_async/connection.py", line 78, in handle_async_request
    stream = await self._connect(request)
  File "/Users/cj/Library/Python/3.9/lib/python/site-packages/httpcore/_async/connection.py", line 124, in _connect
    stream = await self._network_backend.connect_tcp(**kwargs)
  File "/Users/cj/Library/Python/3.9/lib/python/site-packages/httpcore/_backends/auto.py", line 31, in connect_tcp
    return await self._backend.connect_tcp(
  File "/Users/cj/Library/Python/3.9/lib/python/site-packages/httpcore/_backends/anyio.py", line 122, in connect_tcp
    stream._raw_socket.setsockopt(*option)  # type: ignore[attr-defined] # pragma: no cover
  File "/Applications/Xcode.app/Contents/Developer/Library/Frameworks/Python3.framework/Versions/3.9/lib/python3.9/contextlib.py", line 135, in __exit__
    self.gen.throw(type, value, traceback)
  File "/Users/cj/Library/Python/3.9/lib/python/site-packages/httpcore/_exceptions.py", line 14, in map_exceptions
    raise to_exc(exc) from exc
httpcore.ConnectError: [Errno 8] nodename nor servname provided, or not known

The above exception was the direct cause of the following exception:

Traceback (most recent call last):
  File "/Users/cj/Library/Python/3.9/lib/python/site-packages/telegram/request/_httpxrequest.py", line 279, in do_request
    res = await self._client.request(
  File "/Users/cj/Library/Python/3.9/lib/python/site-packages/httpx/_client.py", line 1540, in request
    return await self.send(request, auth=auth, follow_redirects=follow_redirects)
  File "/Users/cj/Library/Python/3.9/lib/python/site-packages/httpx/_client.py", line 1629, in send
    response = await self._send_handling_auth(
  File "/Users/cj/Library/Python/3.9/lib/python/site-packages/httpx/_client.py", line 1657, in _send_handling_auth
    response = await self._send_handling_redirects(
  File "/Users/cj/Library/Python/3.9/lib/python/site-packages/httpx/_client.py", line 1694, in _send_handling_redirects
    response = await self._send_single_request(request)
  File "/Users/cj/Library/Python/3.9/lib/python/site-packages/httpx/_client.py", line 1730, in _send_single_request
    response = await transport.handle_async_request(request)
  File "/Users/cj/Library/Python/3.9/lib/python/site-packages/httpx/_transports/default.py", line 394, in handle_async_request
    resp = await self._pool.handle_async_request(req)
  File "/Applications/Xcode.app/Contents/Developer/Library/Frameworks/Python3.framework/Versions/3.9/lib/python3.9/contextlib.py", line 135, in __exit__
    self.gen.throw(type, value, traceback)
  File "/Users/cj/Library/Python/3.9/lib/python/site-packages/httpx/_transports/default.py", line 118, in map_httpcore_exceptions
    raise mapped_exc(message) from exc
httpx.ConnectError: [Errno 8] nodename nor servname provided, or not known

The above exception was the direct cause of the following exception:

Traceback (most recent call last):
  File "/Users/cj/Library/Python/3.9/lib/python/site-packages/telegram/ext/_utils/networkloop.py", line 134, in network_retry_loop
    await do_action()
  File "/Users/cj/Library/Python/3.9/lib/python/site-packages/telegram/ext/_utils/networkloop.py", line 127, in do_action
    action_cb_task.result()
  File "/Users/cj/Library/Python/3.9/lib/python/site-packages/telegram/ext/_updater.py", line 340, in polling_action_cb
    updates = await self.bot.get_updates(
  File "/Users/cj/Library/Python/3.9/lib/python/site-packages/telegram/ext/_extbot.py", line 676, in get_updates
    updates = await super().get_updates(
  File "/Users/cj/Library/Python/3.9/lib/python/site-packages/telegram/_bot.py", line 4780, in get_updates
    await self._post(
  File "/Users/cj/Library/Python/3.9/lib/python/site-packages/telegram/_bot.py", line 703, in _post
    return await self._do_post(
  File "/Users/cj/Library/Python/3.9/lib/python/site-packages/telegram/ext/_extbot.py", line 372, in _do_post
    return await super()._do_post(
  File "/Users/cj/Library/Python/3.9/lib/python/site-packages/telegram/_bot.py", line 732, in _do_post
    result = await request.post(
  File "/Users/cj/Library/Python/3.9/lib/python/site-packages/telegram/request/_baserequest.py", line 198, in post
    result = await self._request_wrapper(
  File "/Users/cj/Library/Python/3.9/lib/python/site-packages/telegram/request/_baserequest.py", line 305, in _request_wrapper
    code, payload = await self.do_request(
  File "/Users/cj/Library/Python/3.9/lib/python/site-packages/telegram/request/_httpxrequest.py", line 303, in do_request
    raise NetworkError(f"httpx.{err.__class__.__name__}: {err}") from err
telegram.error.NetworkError: httpx.ConnectError: [Errno 8] nodename nor servname provided, or not known
2026-09-29 14:32:04,320 ERROR No error handlers are registered, logging exception.
Traceback (most recent call last):
  File "/Users/cj/Library/Python/3.9/lib/python/site-packages/httpx/_transports/default.py", line 101, in map_httpcore_exceptions
    yield
  File "/Users/cj/Library/Python/3.9/lib/python/site-packages/httpx/_transports/default.py", line 394, in handle_async_request
    resp = await self._pool.handle_async_request(req)
  File "/Users/cj/Library/Python/3.9/lib/python/site-packages/httpcore/_async/connection_pool.py", line 256, in handle_async_request
    raise exc from None
  File "/Users/cj/Library/Python/3.9/lib/python/site-packages/httpcore/_async/connection_pool.py", line 236, in handle_async_request
    response = await connection.handle_async_request(
  File "/Users/cj/Library/Python/3.9/lib/python/site-packages/httpcore/_async/connection.py", line 101, in handle_async_request
    raise exc
  File "/Users/cj/Library/Python/3.9/lib/python/site-packages/httpcore/_async/connection.py", line 78, in handle_async_request
    stream = await self._connect(request)
  File "/Users/cj/Library/Python/3.9/lib/python/site-packages/httpcore/_async/connection.py", line 124, in _connect
    stream = await self._network_backend.connect_tcp(**kwargs)
  File "/Users/cj/Library/Python/3.9/lib/python/site-packages/httpcore/_backends/auto.py", line 31, in connect_tcp
    return await self._backend.connect_tcp(
  File "/Users/cj/Library/Python/3.9/lib/python/site-packages/httpcore/_backends/anyio.py", line 122, in connect_tcp
    stream._raw_socket.setsockopt(*option)  # type: ignore[attr-defined] # pragma: no cover
  File "/Applications/Xcode.app/Contents/Developer/Library/Frameworks/Python3.framework/Versions/3.9/lib/python3.9/contextlib.py", line 135, in __exit__
    self.gen.throw(type, value, traceback)
  File "/Users/cj/Library/Python/3.9/lib/python/site-packages/httpcore/_exceptions.py", line 14, in map_exceptions
    raise to_exc(exc) from exc
httpcore.ConnectError: [Errno 8] nodename nor servname provided, or not known

The above exception was the direct cause of the following exception:

Traceback (most recent call last):
  File "/Users/cj/Library/Python/3.9/lib/python/site-packages/telegram/request/_httpxrequest.py", line 279, in do_request
    res = await self._client.request(
  File "/Users/cj/Library/Python/3.9/lib/python/site-packages/httpx/_client.py", line 1540, in request
    return await self.send(request, auth=auth, follow_redirects=follow_redirects)
  File "/Users/cj/Library/Python/3.9/lib/python/site-packages/httpx/_client.py", line 1629, in send
    response = await self._send_handling_auth(
  File "/Users/cj/Library/Python/3.9/lib/python/site-packages/httpx/_client.py", line 1657, in _send_handling_auth
    response = await self._send_handling_redirects(
  File "/Users/cj/Library/Python/3.9/lib/python/site-packages/httpx/_client.py", line 1694, in _send_handling_redirects
    response = await self._send_single_request(request)
  File "/Users/cj/Library/Python/3.9/lib/python/site-packages/httpx/_client.py", line 1730, in _send_single_request
    response = await transport.handle_async_request(request)
  File "/Users/cj/Library/Python/3.9/lib/python/site-packages/httpx/_transports/default.py", line 394, in handle_async_request
    resp = await self._pool.handle_async_request(req)
  File "/Applications/Xcode.app/Contents/Developer/Library/Frameworks/Python3.framework/Versions/3.9/lib/python3.9/contextlib.py", line 135, in __exit__
    self.gen.throw(type, value, traceback)
  File "/Users/cj/Library/Python/3.9/lib/python/site-packages/httpx/_transports/default.py", line 118, in map_httpcore_exceptions
    raise mapped_exc(message) from exc
httpx.ConnectError: [Errno 8] nodename nor servname provided, or not known

The above exception was the direct cause of the following exception:

Traceback (most recent call last):
  File "/Users/cj/Library/Python/3.9/lib/python/site-packages/telegram/ext/_utils/networkloop.py", line 134, in network_retry_loop
    await do_action()
  File "/Users/cj/Library/Python/3.9/lib/python/site-packages/telegram/ext/_utils/networkloop.py", line 127, in do_action
    action_cb_task.result()
  File "/Users/cj/Library/Python/3.9/lib/python/site-packages/telegram/ext/_updater.py", line 340, in polling_action_cb
    updates = await self.bot.get_updates(
  File "/Users/cj/Library/Python/3.9/lib/python/site-packages/telegram/ext/_extbot.py", line 676, in get_updates
    updates = await super().get_updates(
  File "/Users/cj/Library/Python/3.9/lib/python/site-packages/telegram/_bot.py", line 4780, in get_updates
    await self._post(
  File "/Users/cj/Library/Python/3.9/lib/python/site-packages/telegram/_bot.py", line 703, in _post
    return await self._do_post(
  File "/Users/cj/Library/Python/3.9/lib/python/site-packages/telegram/ext/_extbot.py", line 372, in _do_post
    return await super()._do_post(
  File "/Users/cj/Library/Python/3.9/lib/python/site-packages/telegram/_bot.py", line 732, in _do_post
    result = await request.post(
  File "/Users/cj/Library/Python/3.9/lib/python/site-packages/telegram/request/_baserequest.py", line 198, in post
    result = await self._request_wrapper(
  File "/Users/cj/Library/Python/3.9/lib/python/site-packages/telegram/request/_baserequest.py", line 305, in _request_wrapper
    code, payload = await self.do_request(
  File "/Users/cj/Library/Python/3.9/lib/python/site-packages/telegram/request/_httpxrequest.py", line 303, in do_request
    raise NetworkError(f"httpx.{err.__class__.__name__}: {err}") from err
telegram.error.NetworkError: httpx.ConnectError: [Errno 8] nodename nor servname provided, or not known
2026-09-29 14:32:16,770 INFO HTTP Request: POST https://api.telegram.org/bot8953159917:AAF7yuqOxcumb-yB2aglMKMfK79WM7GzaQc/getUpdates "HTTP/1.1 200 OK"
2026-09-29 14:32:27,090 INFO HTTP Request: POST https://api.telegram.org/bot8953159917:AAF7yuqOxcumb-yB2aglMKMfK79WM7GzaQc/getUpdates "HTTP/1.1 200 OK"
2026-09-29 14:32:37,319 INFO HTTP Request: POST https://api.telegram.org/bot8953159917:AAF7yuqOxcumb-yB2aglMKMfK79WM7GzaQc/getUpdates "HTTP/1.1 200 OK"
2026-09-29 14:32:47,633 INFO HTTP Request: POST https://api.telegram.org/bot8953159917:AAF7yuqOxcumb-yB2aglMKMfK79WM7GzaQc/getUpdates "HTTP/1.1 200 OK"
2026-09-29 14:32:57,868 INFO HTTP Request: POST https://api.telegram.org/bot8953159917:AAF7yuqOxcumb-yB2aglMKMfK79WM7GzaQc/getUpdates "HTTP/1.1 200 OK"
2026-09-29 14:33:08,105 INFO HTTP Request: POST https://api.telegram.org/bot8953159917:AAF7yuqOxcumb-yB2aglMKMfK79WM7GzaQc/getUpdates "HTTP/1.1 200 OK"
2026-09-29 14:33:18,352 INFO HTTP Request: POST https://api.telegram.org/bot8953159917:AAF7yuqOxcumb-yB2aglMKMfK79WM7GzaQc/getUpdates "HTTP/1.1 200 OK"
2026-09-29 14:33:28,600 INFO HTTP Request: POST https://api.telegram.org/bot8953159917:AAF7yuqOxcumb-yB2aglMKMfK79WM7GzaQc/getUpdates "HTTP/1.1 200 OK"
2026-09-29 14:33:38,913 INFO HTTP Request: POST https://api.telegram.org/bot8953159917:AAF7yuqOxcumb-yB2aglMKMfK79WM7GzaQc/getUpdates "HTTP/1.1 200 OK"
2026-09-29 14:33:39,151 INFO HTTP Request: POST https://api.telegram.org/bot8953159917:AAF7yuqOxcumb-yB2aglMKMfK79WM7GzaQc/getUpdates "HTTP/1.1 200 OK"
2026-09-29 14:33:40,365 INFO HTTP Request: POST https://api.telegram.org/bot8953159917:AAF7yuqOxcumb-yB2aglMKMfK79WM7GzaQc/sendMessage "HTTP/1.1 200 OK"
2026-09-29 14:33:49,398 INFO HTTP Request: POST https://api.telegram.org/bot8953159917:AAF7yuqOxcumb-yB2aglMKMfK79WM7GzaQc/getUpdates "HTTP/1.1 200 OK"
/Users/cj/Documents/bots/bot_predict/bot.py:456: PTBUserWarning: If 'per_message=False', 'CallbackQueryHandler' will not be tracked for every message. Read this FAQ entry to learn more about the per_* settings: https://github.com/python-telegram-bot/python-telegram-bot/wiki/Frequently-Asked-Questions#what-do-the-per_-settings-in-conversationhandler-do.
  app.add_handler(ConversationHandler(
2026-09-29 14:33:53,344 INFO SB24 – ទាយលទ្ធផល is running…
2026-09-29 14:33:54,243 INFO HTTP Request: POST https://api.telegram.org/bot8953159917:AAF7yuqOxcumb-yB2aglMKMfK79WM7GzaQc/getMe "HTTP/1.1 200 OK"
2026-09-29 14:33:54,620 INFO HTTP Request: POST https://api.telegram.org/bot8953159917:AAF7yuqOxcumb-yB2aglMKMfK79WM7GzaQc/setMyCommands "HTTP/1.1 200 OK"
2026-09-29 14:33:54,828 INFO HTTP Request: POST https://api.telegram.org/bot8953159917:AAF7yuqOxcumb-yB2aglMKMfK79WM7GzaQc/deleteWebhook "HTTP/1.1 200 OK"
2026-09-29 14:33:54,833 INFO Application started
2026-09-29 14:33:58,677 INFO HTTP Request: POST https://api.telegram.org/bot8953159917:AAF7yuqOxcumb-yB2aglMKMfK79WM7GzaQc/getUpdates "HTTP/1.1 409 Conflict"
2026-09-29 14:33:58,679 ERROR No error handlers are registered, logging exception.
Traceback (most recent call last):
  File "/Users/cj/Library/Python/3.9/lib/python/site-packages/telegram/ext/_utils/networkloop.py", line 134, in network_retry_loop
    await do_action()
  File "/Users/cj/Library/Python/3.9/lib/python/site-packages/telegram/ext/_utils/networkloop.py", line 127, in do_action
    action_cb_task.result()
  File "/Users/cj/Library/Python/3.9/lib/python/site-packages/telegram/ext/_updater.py", line 340, in polling_action_cb
    updates = await self.bot.get_updates(
  File "/Users/cj/Library/Python/3.9/lib/python/site-packages/telegram/ext/_extbot.py", line 676, in get_updates
    updates = await super().get_updates(
  File "/Users/cj/Library/Python/3.9/lib/python/site-packages/telegram/_bot.py", line 4780, in get_updates
    await self._post(
  File "/Users/cj/Library/Python/3.9/lib/python/site-packages/telegram/_bot.py", line 703, in _post
    return await self._do_post(
  File "/Users/cj/Library/Python/3.9/lib/python/site-packages/telegram/ext/_extbot.py", line 372, in _do_post
    return await super()._do_post(
  File "/Users/cj/Library/Python/3.9/lib/python/site-packages/telegram/_bot.py", line 732, in _do_post
    result = await request.post(
  File "/Users/cj/Library/Python/3.9/lib/python/site-packages/telegram/request/_baserequest.py", line 198, in post
    result = await self._request_wrapper(
  File "/Users/cj/Library/Python/3.9/lib/python/site-packages/telegram/request/_baserequest.py", line 375, in _request_wrapper
    raise exception
telegram.error.Conflict: Conflict: terminated by other getUpdates request; make sure that only one bot instance is running
2026-09-29 14:34:04,104 INFO HTTP Request: POST https://api.telegram.org/bot8953159917:AAF7yuqOxcumb-yB2aglMKMfK79WM7GzaQc/getUpdates "HTTP/1.1 409 Conflict"
2026-09-29 14:34:04,106 ERROR No error handlers are registered, logging exception.
Traceback (most recent call last):
  File "/Users/cj/Library/Python/3.9/lib/python/site-packages/telegram/ext/_utils/networkloop.py", line 134, in network_retry_loop
    await do_action()
  File "/Users/cj/Library/Python/3.9/lib/python/site-packages/telegram/ext/_utils/networkloop.py", line 127, in do_action
    action_cb_task.result()
  File "/Users/cj/Library/Python/3.9/lib/python/site-packages/telegram/ext/_updater.py", line 340, in polling_action_cb
    updates = await self.bot.get_updates(
  File "/Users/cj/Library/Python/3.9/lib/python/site-packages/telegram/ext/_extbot.py", line 676, in get_updates
    updates = await super().get_updates(
  File "/Users/cj/Library/Python/3.9/lib/python/site-packages/telegram/_bot.py", line 4780, in get_updates
    await self._post(
  File "/Users/cj/Library/Python/3.9/lib/python/site-packages/telegram/_bot.py", line 703, in _post
    return await self._do_post(
  File "/Users/cj/Library/Python/3.9/lib/python/site-packages/telegram/ext/_extbot.py", line 372, in _do_post
    return await super()._do_post(
  File "/Users/cj/Library/Python/3.9/lib/python/site-packages/telegram/_bot.py", line 732, in _do_post
    result = await request.post(
  File "/Users/cj/Library/Python/3.9/lib/python/site-packages/telegram/request/_baserequest.py", line 198, in post
    result = await self._request_wrapper(
  File "/Users/cj/Library/Python/3.9/lib/python/site-packages/telegram/request/_baserequest.py", line 375, in _request_wrapper
    raise exception
telegram.error.Conflict: Conflict: terminated by other getUpdates request; make sure that only one bot instance is running
2026-09-29 14:34:10,028 INFO HTTP Request: POST https://api.telegram.org/bot8953159917:AAF7yuqOxcumb-yB2aglMKMfK79WM7GzaQc/getUpdates "HTTP/1.1 409 Conflict"
2026-09-29 14:34:10,031 ERROR No error handlers are registered, logging exception.
Traceback (most recent call last):
  File "/Users/cj/Library/Python/3.9/lib/python/site-packages/telegram/ext/_utils/networkloop.py", line 134, in network_retry_loop
    await do_action()
  File "/Users/cj/Library/Python/3.9/lib/python/site-packages/telegram/ext/_utils/networkloop.py", line 127, in do_action
    action_cb_task.result()
  File "/Users/cj/Library/Python/3.9/lib/python/site-packages/telegram/ext/_updater.py", line 340, in polling_action_cb
    updates = await self.bot.get_updates(
  File "/Users/cj/Library/Python/3.9/lib/python/site-packages/telegram/ext/_extbot.py", line 676, in get_updates
    updates = await super().get_updates(
  File "/Users/cj/Library/Python/3.9/lib/python/site-packages/telegram/_bot.py", line 4780, in get_updates
    await self._post(
  File "/Users/cj/Library/Python/3.9/lib/python/site-packages/telegram/_bot.py", line 703, in _post
    return await self._do_post(
  File "/Users/cj/Library/Python/3.9/lib/python/site-packages/telegram/ext/_extbot.py", line 372, in _do_post
    return await super()._do_post(
  File "/Users/cj/Library/Python/3.9/lib/python/site-packages/telegram/_bot.py", line 732, in _do_post
    result = await request.post(
  File "/Users/cj/Library/Python/3.9/lib/python/site-packages/telegram/request/_baserequest.py", line 198, in post
    result = await self._request_wrapper(
  File "/Users/cj/Library/Python/3.9/lib/python/site-packages/telegram/request/_baserequest.py", line 375, in _request_wrapper
    raise exception
telegram.error.Conflict: Conflict: terminated by other getUpdates request; make sure that only one bot instance is running
2026-09-29 14:34:17,252 INFO HTTP Request: POST https://api.telegram.org/bot8953159917:AAF7yuqOxcumb-yB2aglMKMfK79WM7GzaQc/getUpdates "HTTP/1.1 409 Conflict"
2026-09-29 14:34:17,255 ERROR No error handlers are registered, logging exception.
Traceback (most recent call last):
  File "/Users/cj/Library/Python/3.9/lib/python/site-packages/telegram/ext/_utils/networkloop.py", line 134, in network_retry_loop
    await do_action()
  File "/Users/cj/Library/Python/3.9/lib/python/site-packages/telegram/ext/_utils/networkloop.py", line 127, in do_action
    action_cb_task.result()
  File "/Users/cj/Library/Python/3.9/lib/python/site-packages/telegram/ext/_updater.py", line 340, in polling_action_cb
    updates = await self.bot.get_updates(
  File "/Users/cj/Library/Python/3.9/lib/python/site-packages/telegram/ext/_extbot.py", line 676, in get_updates
    updates = await super().get_updates(
  File "/Users/cj/Library/Python/3.9/lib/python/site-packages/telegram/_bot.py", line 4780, in get_updates
    await self._post(
  File "/Users/cj/Library/Python/3.9/lib/python/site-packages/telegram/_bot.py", line 703, in _post
    return await self._do_post(
  File "/Users/cj/Library/Python/3.9/lib/python/site-packages/telegram/ext/_extbot.py", line 372, in _do_post
    return await super()._do_post(
  File "/Users/cj/Library/Python/3.9/lib/python/site-packages/telegram/_bot.py", line 732, in _do_post
    result = await request.post(
  File "/Users/cj/Library/Python/3.9/lib/python/site-packages/telegram/request/_baserequest.py", line 198, in post
    result = await self._request_wrapper(
  File "/Users/cj/Library/Python/3.9/lib/python/site-packages/telegram/request/_baserequest.py", line 375, in _request_wrapper
    raise exception
telegram.error.Conflict: Conflict: terminated by other getUpdates request; make sure that only one bot instance is running
2026-09-29 14:34:25,062 INFO HTTP Request: POST https://api.telegram.org/bot8953159917:AAF7yuqOxcumb-yB2aglMKMfK79WM7GzaQc/getUpdates "HTTP/1.1 409 Conflict"
2026-09-29 14:34:25,063 ERROR No error handlers are registered, logging exception.
Traceback (most recent call last):
  File "/Users/cj/Library/Python/3.9/lib/python/site-packages/telegram/ext/_utils/networkloop.py", line 134, in network_retry_loop
    await do_action()
  File "/Users/cj/Library/Python/3.9/lib/python/site-packages/telegram/ext/_utils/networkloop.py", line 127, in do_action
    action_cb_task.result()
  File "/Users/cj/Library/Python/3.9/lib/python/site-packages/telegram/ext/_updater.py", line 340, in polling_action_cb
    updates = await self.bot.get_updates(
  File "/Users/cj/Library/Python/3.9/lib/python/site-packages/telegram/ext/_extbot.py", line 676, in get_updates
    updates = await super().get_updates(
  File "/Users/cj/Library/Python/3.9/lib/python/site-packages/telegram/_bot.py", line 4780, in get_updates
    await self._post(
  File "/Users/cj/Library/Python/3.9/lib/python/site-packages/telegram/_bot.py", line 703, in _post
    return await self._do_post(
  File "/Users/cj/Library/Python/3.9/lib/python/site-packages/telegram/ext/_extbot.py", line 372, in _do_post
    return await super()._do_post(
  File "/Users/cj/Library/Python/3.9/lib/python/site-packages/telegram/_bot.py", line 732, in _do_post
    result = await request.post(
  File "/Users/cj/Library/Python/3.9/lib/python/site-packages/telegram/request/_baserequest.py", line 198, in post
    result = await self._request_wrapper(
  File "/Users/cj/Library/Python/3.9/lib/python/site-packages/telegram/request/_baserequest.py", line 375, in _request_wrapper
    raise exception
telegram.error.Conflict: Conflict: terminated by other getUpdates request; make sure that only one bot instance is running
2026-09-29 14:34:35,739 INFO HTTP Request: POST https://api.telegram.org/bot8953159917:AAF7yuqOxcumb-yB2aglMKMfK79WM7GzaQc/getUpdates "HTTP/1.1 409 Conflict"
2026-09-29 14:34:35,741 ERROR No error handlers are registered, logging exception.
Traceback (most recent call last):
  File "/Users/cj/Library/Python/3.9/lib/python/site-packages/telegram/ext/_utils/networkloop.py", line 134, in network_retry_loop
    await do_action()
  File "/Users/cj/Library/Python/3.9/lib/python/site-packages/telegram/ext/_utils/networkloop.py", line 127, in do_action
    action_cb_task.result()
  File "/Users/cj/Library/Python/3.9/lib/python/site-packages/telegram/ext/_updater.py", line 340, in polling_action_cb
    updates = await self.bot.get_updates(
  File "/Users/cj/Library/Python/3.9/lib/python/site-packages/telegram/ext/_extbot.py", line 676, in get_updates
    updates = await super().get_updates(
  File "/Users/cj/Library/Python/3.9/lib/python/site-packages/telegram/_bot.py", line 4780, in get_updates
    await self._post(
  File "/Users/cj/Library/Python/3.9/lib/python/site-packages/telegram/_bot.py", line 703, in _post
    return await self._do_post(
  File "/Users/cj/Library/Python/3.9/lib/python/site-packages/telegram/ext/_extbot.py", line 372, in _do_post
    return await super()._do_post(
  File "/Users/cj/Library/Python/3.9/lib/python/site-packages/telegram/_bot.py", line 732, in _do_post
    result = await request.post(
  File "/Users/cj/Library/Python/3.9/lib/python/site-packages/telegram/request/_baserequest.py", line 198, in post
    result = await self._request_wrapper(
  File "/Users/cj/Library/Python/3.9/lib/python/site-packages/telegram/request/_baserequest.py", line 375, in _request_wrapper
    raise exception
telegram.error.Conflict: Conflict: terminated by other getUpdates request; make sure that only one bot instance is running
2026-09-29 14:34:48,537 INFO HTTP Request: POST https://api.telegram.org/bot8953159917:AAF7yuqOxcumb-yB2aglMKMfK79WM7GzaQc/getUpdates "HTTP/1.1 409 Conflict"
2026-09-29 14:34:48,542 ERROR No error handlers are registered, logging exception.
Traceback (most recent call last):
  File "/Users/cj/Library/Python/3.9/lib/python/site-packages/telegram/ext/_utils/networkloop.py", line 134, in network_retry_loop
    await do_action()
  File "/Users/cj/Library/Python/3.9/lib/python/site-packages/telegram/ext/_utils/networkloop.py", line 127, in do_action
    action_cb_task.result()
  File "/Users/cj/Library/Python/3.9/lib/python/site-packages/telegram/ext/_updater.py", line 340, in polling_action_cb
    updates = await self.bot.get_updates(
  File "/Users/cj/Library/Python/3.9/lib/python/site-packages/telegram/ext/_extbot.py", line 676, in get_updates
    updates = await super().get_updates(
  File "/Users/cj/Library/Python/3.9/lib/python/site-packages/telegram/_bot.py", line 4780, in get_updates
    await self._post(
  File "/Users/cj/Library/Python/3.9/lib/python/site-packages/telegram/_bot.py", line 703, in _post
    return await self._do_post(
  File "/Users/cj/Library/Python/3.9/lib/python/site-packages/telegram/ext/_extbot.py", line 372, in _do_post
    return await super()._do_post(
  File "/Users/cj/Library/Python/3.9/lib/python/site-packages/telegram/_bot.py", line 732, in _do_post
    result = await request.post(
  File "/Users/cj/Library/Python/3.9/lib/python/site-packages/telegram/request/_baserequest.py", line 198, in post
    result = await self._request_wrapper(
  File "/Users/cj/Library/Python/3.9/lib/python/site-packages/telegram/request/_baserequest.py", line 375, in _request_wrapper
    raise exception
telegram.error.Conflict: Conflict: terminated by other getUpdates request; make sure that only one bot instance is running
2026-09-29 14:35:05,192 INFO HTTP Request: POST https://api.telegram.org/bot8953159917:AAF7yuqOxcumb-yB2aglMKMfK79WM7GzaQc/getUpdates "HTTP/1.1 409 Conflict"
2026-09-29 14:35:05,195 ERROR No error handlers are registered, logging exception.
Traceback (most recent call last):
  File "/Users/cj/Library/Python/3.9/lib/python/site-packages/telegram/ext/_utils/networkloop.py", line 134, in network_retry_loop
    await do_action()
  File "/Users/cj/Library/Python/3.9/lib/python/site-packages/telegram/ext/_utils/networkloop.py", line 127, in do_action
    action_cb_task.result()
  File "/Users/cj/Library/Python/3.9/lib/python/site-packages/telegram/ext/_updater.py", line 340, in polling_action_cb
    updates = await self.bot.get_updates(
  File "/Users/cj/Library/Python/3.9/lib/python/site-packages/telegram/ext/_extbot.py", line 676, in get_updates
    updates = await super().get_updates(
  File "/Users/cj/Library/Python/3.9/lib/python/site-packages/telegram/_bot.py", line 4780, in get_updates
    await self._post(
  File "/Users/cj/Library/Python/3.9/lib/python/site-packages/telegram/_bot.py", line 703, in _post
    return await self._do_post(
  File "/Users/cj/Library/Python/3.9/lib/python/site-packages/telegram/ext/_extbot.py", line 372, in _do_post
    return await super()._do_post(
  File "/Users/cj/Library/Python/3.9/lib/python/site-packages/telegram/_bot.py", line 732, in _do_post
    result = await request.post(
  File "/Users/cj/Library/Python/3.9/lib/python/site-packages/telegram/request/_baserequest.py", line 198, in post
    result = await self._request_wrapper(
  File "/Users/cj/Library/Python/3.9/lib/python/site-packages/telegram/request/_baserequest.py", line 375, in _request_wrapper
    raise exception
telegram.error.Conflict: Conflict: terminated by other getUpdates request; make sure that only one bot instance is running
2026-09-29 14:35:06,192 ERROR Task was destroyed but it is pending!
task: <Task pending name='Updater:start_polling:polling_task' coro=<network_retry_loop() running at /Users/cj/Library/Python/3.9/lib/python/site-packages/telegram/ext/_utils/networkloop.py:174> wait_for=<Future pending cb=[<TaskWakeupMethWrapper object at 0x107204af0>()]> cb=[<TaskWakeupMethWrapper object at 0x107204d00>()]>
2026-09-29 14:35:06,192 ERROR Task was destroyed but it is pending!
task: <Task pending name='Application:8953159917:update_fetcher' coro=<Application._update_fetcher() running at /Users/cj/Library/Python/3.9/lib/python/site-packages/telegram/ext/_application.py:1233> wait_for=<Future pending cb=[<TaskWakeupMethWrapper object at 0x1070469a0>()]>>
Exception ignored in: <coroutine object Application._update_fetcher at 0x106f96cc0>
Traceback (most recent call last):
  File "/Users/cj/Library/Python/3.9/lib/python/site-packages/telegram/ext/_application.py", line 1233, in _update_fetcher
    await self.__update_fetcher()
  File "/Users/cj/Library/Python/3.9/lib/python/site-packages/telegram/ext/_application.py", line 1212, in __update_fetcher
    update = await self.update_queue.get()
  File "/Applications/Xcode.app/Contents/Developer/Library/Frameworks/Python3.framework/Versions/3.9/lib/python3.9/asyncio/queues.py", line 168, in get
    getter.cancel()  # Just in case getter is not done yet.
  File "/Applications/Xcode.app/Contents/Developer/Library/Frameworks/Python3.framework/Versions/3.9/lib/python3.9/asyncio/base_events.py", line 746, in call_soon
    self._check_closed()
  File "/Applications/Xcode.app/Contents/Developer/Library/Frameworks/Python3.framework/Versions/3.9/lib/python3.9/asyncio/base_events.py", line 510, in _check_closed
    raise RuntimeError('Event loop is closed')
RuntimeError: Event loop is closed
/Users/cj/Documents/bots/bot_predict/bot.py:456: PTBUserWarning: If 'per_message=False', 'CallbackQueryHandler' will not be tracked for every message. Read this FAQ entry to learn more about the per_* settings: https://github.com/python-telegram-bot/python-telegram-bot/wiki/Frequently-Asked-Questions#what-do-the-per_-settings-in-conversationhandler-do.
  app.add_handler(ConversationHandler(
2026-09-29 14:35:08,161 INFO SB24 – ទាយលទ្ធផល is running…
2026-09-29 14:35:09,000 INFO HTTP Request: POST https://api.telegram.org/bot8953159917:AAF7yuqOxcumb-yB2aglMKMfK79WM7GzaQc/getMe "HTTP/1.1 200 OK"
2026-09-29 14:35:09,459 INFO HTTP Request: POST https://api.telegram.org/bot8953159917:AAF7yuqOxcumb-yB2aglMKMfK79WM7GzaQc/setMyCommands "HTTP/1.1 200 OK"
2026-09-29 14:35:09,670 INFO HTTP Request: POST https://api.telegram.org/bot8953159917:AAF7yuqOxcumb-yB2aglMKMfK79WM7GzaQc/deleteWebhook "HTTP/1.1 200 OK"
2026-09-29 14:35:09,677 INFO Application started
2026-09-29 14:35:13,103 INFO HTTP Request: POST https://api.telegram.org/bot8953159917:AAF7yuqOxcumb-yB2aglMKMfK79WM7GzaQc/getUpdates "HTTP/1.1 200 OK"
2026-09-29 14:35:13,532 INFO HTTP Request: POST https://api.telegram.org/bot8953159917:AAF7yuqOxcumb-yB2aglMKMfK79WM7GzaQc/sendMessage "HTTP/1.1 200 OK"
2026-09-29 14:35:23,430 INFO HTTP Request: POST https://api.telegram.org/bot8953159917:AAF7yuqOxcumb-yB2aglMKMfK79WM7GzaQc/getUpdates "HTTP/1.1 200 OK"
2026-09-29 14:35:33,776 INFO HTTP Request: POST https://api.telegram.org/bot8953159917:AAF7yuqOxcumb-yB2aglMKMfK79WM7GzaQc/getUpdates "HTTP/1.1 200 OK"
2026-09-29 14:35:44,000 INFO HTTP Request: POST https://api.telegram.org/bot8953159917:AAF7yuqOxcumb-yB2aglMKMfK79WM7GzaQc/getUpdates "HTTP/1.1 200 OK"
2026-09-29 14:35:54,255 INFO HTTP Request: POST https://api.telegram.org/bot8953159917:AAF7yuqOxcumb-yB2aglMKMfK79WM7GzaQc/getUpdates "HTTP/1.1 200 OK"
2026-09-29 14:36:04,495 INFO HTTP Request: POST https://api.telegram.org/bot8953159917:AAF7yuqOxcumb-yB2aglMKMfK79WM7GzaQc/getUpdates "HTTP/1.1 200 OK"
2026-09-29 14:36:14,757 INFO HTTP Request: POST https://api.telegram.org/bot8953159917:AAF7yuqOxcumb-yB2aglMKMfK79WM7GzaQc/getUpdates "HTTP/1.1 200 OK"
2026-09-29 14:36:25,127 INFO HTTP Request: POST https://api.telegram.org/bot8953159917:AAF7yuqOxcumb-yB2aglMKMfK79WM7GzaQc/getUpdates "HTTP/1.1 200 OK"
2026-09-29 14:36:35,540 INFO HTTP Request: POST https://api.telegram.org/bot8953159917:AAF7yuqOxcumb-yB2aglMKMfK79WM7GzaQc/getUpdates "HTTP/1.1 200 OK"
2026-09-29 14:36:45,765 INFO HTTP Request: POST https://api.telegram.org/bot8953159917:AAF7yuqOxcumb-yB2aglMKMfK79WM7GzaQc/getUpdates "HTTP/1.1 200 OK"
2026-09-29 14:36:56,257 INFO HTTP Request: POST https://api.telegram.org/bot8953159917:AAF7yuqOxcumb-yB2aglMKMfK79WM7GzaQc/getUpdates "HTTP/1.1 200 OK"
2026-09-29 14:37:06,584 INFO HTTP Request: POST https://api.telegram.org/bot8953159917:AAF7yuqOxcumb-yB2aglMKMfK79WM7GzaQc/getUpdates "HTTP/1.1 200 OK"
2026-09-29 14:37:16,808 INFO HTTP Request: POST https://api.telegram.org/bot8953159917:AAF7yuqOxcumb-yB2aglMKMfK79WM7GzaQc/getUpdates "HTTP/1.1 200 OK"
2026-09-29 14:37:27,034 INFO HTTP Request: POST https://api.telegram.org/bot8953159917:AAF7yuqOxcumb-yB2aglMKMfK79WM7GzaQc/getUpdates "HTTP/1.1 200 OK"
2026-09-29 14:37:37,263 INFO HTTP Request: POST https://api.telegram.org/bot8953159917:AAF7yuqOxcumb-yB2aglMKMfK79WM7GzaQc/getUpdates "HTTP/1.1 200 OK"
/Users/cj/Documents/bots/bot_predict/bot.py:471: PTBUserWarning: If 'per_message=False', 'CallbackQueryHandler' will not be tracked for every message. Read this FAQ entry to learn more about the per_* settings: https://github.com/python-telegram-bot/python-telegram-bot/wiki/Frequently-Asked-Questions#what-do-the-per_-settings-in-conversationhandler-do.
  app.add_handler(ConversationHandler(
2026-09-29 14:37:41,794 INFO SB24 – ទាយលទ្ធផល is running…
2026-09-29 14:37:43,306 INFO Application started
/Users/cj/Documents/bots/bot_predict/bot.py:471: PTBUserWarning: If 'per_message=False', 'CallbackQueryHandler' will not be tracked for every message. Read this FAQ entry to learn more about the per_* settings: https://github.com/python-telegram-bot/python-telegram-bot/wiki/Frequently-Asked-Questions#what-do-the-per_-settings-in-conversationhandler-do.
  app.add_handler(ConversationHandler(
2026-09-29 14:37:50,230 INFO SB24 – ទាយលទ្ធផល is running…
2026-09-29 14:37:52,879 INFO Application started
2026-09-29 14:37:54,106 ERROR No error handlers are registered, logging exception.
Traceback (most recent call last):
  File "/Users/cj/Library/Python/3.9/lib/python/site-packages/telegram/ext/_utils/networkloop.py", line 134, in network_retry_loop
    await do_action()
  File "/Users/cj/Library/Python/3.9/lib/python/site-packages/telegram/ext/_utils/networkloop.py", line 127, in do_action
    action_cb_task.result()
  File "/Users/cj/Library/Python/3.9/lib/python/site-packages/telegram/ext/_updater.py", line 340, in polling_action_cb
    updates = await self.bot.get_updates(
  File "/Users/cj/Library/Python/3.9/lib/python/site-packages/telegram/ext/_extbot.py", line 676, in get_updates
    updates = await super().get_updates(
  File "/Users/cj/Library/Python/3.9/lib/python/site-packages/telegram/_bot.py", line 4780, in get_updates
    await self._post(
  File "/Users/cj/Library/Python/3.9/lib/python/site-packages/telegram/_bot.py", line 703, in _post
    return await self._do_post(
  File "/Users/cj/Library/Python/3.9/lib/python/site-packages/telegram/ext/_extbot.py", line 372, in _do_post
    return await super()._do_post(
  File "/Users/cj/Library/Python/3.9/lib/python/site-packages/telegram/_bot.py", line 732, in _do_post
    result = await request.post(
  File "/Users/cj/Library/Python/3.9/lib/python/site-packages/telegram/request/_baserequest.py", line 198, in post
    result = await self._request_wrapper(
  File "/Users/cj/Library/Python/3.9/lib/python/site-packages/telegram/request/_baserequest.py", line 375, in _request_wrapper
    raise exception
telegram.error.Conflict: Conflict: terminated by other getUpdates request; make sure that only one bot instance is running
2026-09-29 14:37:58,392 ERROR No error handlers are registered, logging exception.
Traceback (most recent call last):
  File "/Users/cj/Library/Python/3.9/lib/python/site-packages/telegram/ext/_utils/networkloop.py", line 134, in network_retry_loop
    await do_action()
  File "/Users/cj/Library/Python/3.9/lib/python/site-packages/telegram/ext/_utils/networkloop.py", line 127, in do_action
    action_cb_task.result()
  File "/Users/cj/Library/Python/3.9/lib/python/site-packages/telegram/ext/_updater.py", line 340, in polling_action_cb
    updates = await self.bot.get_updates(
  File "/Users/cj/Library/Python/3.9/lib/python/site-packages/telegram/ext/_extbot.py", line 676, in get_updates
    updates = await super().get_updates(
  File "/Users/cj/Library/Python/3.9/lib/python/site-packages/telegram/_bot.py", line 4780, in get_updates
    await self._post(
  File "/Users/cj/Library/Python/3.9/lib/python/site-packages/telegram/_bot.py", line 703, in _post
    return await self._do_post(
  File "/Users/cj/Library/Python/3.9/lib/python/site-packages/telegram/ext/_extbot.py", line 372, in _do_post
    return await super()._do_post(
  File "/Users/cj/Library/Python/3.9/lib/python/site-packages/telegram/_bot.py", line 732, in _do_post
    result = await request.post(
  File "/Users/cj/Library/Python/3.9/lib/python/site-packages/telegram/request/_baserequest.py", line 198, in post
    result = await self._request_wrapper(
  File "/Users/cj/Library/Python/3.9/lib/python/site-packages/telegram/request/_baserequest.py", line 375, in _request_wrapper
    raise exception
telegram.error.Conflict: Conflict: terminated by other getUpdates request; make sure that only one bot instance is running
2026-09-29 14:37:59,609 ERROR No error handlers are registered, logging exception.
Traceback (most recent call last):
  File "/Users/cj/Library/Python/3.9/lib/python/site-packages/telegram/ext/_utils/networkloop.py", line 134, in network_retry_loop
    await do_action()
  File "/Users/cj/Library/Python/3.9/lib/python/site-packages/telegram/ext/_utils/networkloop.py", line 127, in do_action
    action_cb_task.result()
  File "/Users/cj/Library/Python/3.9/lib/python/site-packages/telegram/ext/_updater.py", line 340, in polling_action_cb
    updates = await self.bot.get_updates(
  File "/Users/cj/Library/Python/3.9/lib/python/site-packages/telegram/ext/_extbot.py", line 676, in get_updates
    updates = await super().get_updates(
  File "/Users/cj/Library/Python/3.9/lib/python/site-packages/telegram/_bot.py", line 4780, in get_updates
    await self._post(
  File "/Users/cj/Library/Python/3.9/lib/python/site-packages/telegram/_bot.py", line 703, in _post
    return await self._do_post(
  File "/Users/cj/Library/Python/3.9/lib/python/site-packages/telegram/ext/_extbot.py", line 372, in _do_post
    return await super()._do_post(
  File "/Users/cj/Library/Python/3.9/lib/python/site-packages/telegram/_bot.py", line 732, in _do_post
    result = await request.post(
  File "/Users/cj/Library/Python/3.9/lib/python/site-packages/telegram/request/_baserequest.py", line 198, in post
    result = await self._request_wrapper(
  File "/Users/cj/Library/Python/3.9/lib/python/site-packages/telegram/request/_baserequest.py", line 375, in _request_wrapper
    raise exception
telegram.error.Conflict: Conflict: terminated by other getUpdates request; make sure that only one bot instance is running
2026-09-29 14:38:03,822 ERROR No error handlers are registered, logging exception.
Traceback (most recent call last):
  File "/Users/cj/Library/Python/3.9/lib/python/site-packages/telegram/ext/_utils/networkloop.py", line 134, in network_retry_loop
    await do_action()
  File "/Users/cj/Library/Python/3.9/lib/python/site-packages/telegram/ext/_utils/networkloop.py", line 127, in do_action
    action_cb_task.result()
  File "/Users/cj/Library/Python/3.9/lib/python/site-packages/telegram/ext/_updater.py", line 340, in polling_action_cb
    updates = await self.bot.get_updates(
  File "/Users/cj/Library/Python/3.9/lib/python/site-packages/telegram/ext/_extbot.py", line 676, in get_updates
    updates = await super().get_updates(
  File "/Users/cj/Library/Python/3.9/lib/python/site-packages/telegram/_bot.py", line 4780, in get_updates
    await self._post(
  File "/Users/cj/Library/Python/3.9/lib/python/site-packages/telegram/_bot.py", line 703, in _post
    return await self._do_post(
  File "/Users/cj/Library/Python/3.9/lib/python/site-packages/telegram/ext/_extbot.py", line 372, in _do_post
    return await super()._do_post(
  File "/Users/cj/Library/Python/3.9/lib/python/site-packages/telegram/_bot.py", line 732, in _do_post
    result = await request.post(
  File "/Users/cj/Library/Python/3.9/lib/python/site-packages/telegram/request/_baserequest.py", line 198, in post
    result = await self._request_wrapper(
  File "/Users/cj/Library/Python/3.9/lib/python/site-packages/telegram/request/_baserequest.py", line 375, in _request_wrapper
    raise exception
telegram.error.Conflict: Conflict: terminated by other getUpdates request; make sure that only one bot instance is running
2026-09-29 14:38:05,633 ERROR No error handlers are registered, logging exception.
Traceback (most recent call last):
  File "/Users/cj/Library/Python/3.9/lib/python/site-packages/telegram/ext/_utils/networkloop.py", line 134, in network_retry_loop
    await do_action()
  File "/Users/cj/Library/Python/3.9/lib/python/site-packages/telegram/ext/_utils/networkloop.py", line 127, in do_action
    action_cb_task.result()
  File "/Users/cj/Library/Python/3.9/lib/python/site-packages/telegram/ext/_updater.py", line 340, in polling_action_cb
    updates = await self.bot.get_updates(
  File "/Users/cj/Library/Python/3.9/lib/python/site-packages/telegram/ext/_extbot.py", line 676, in get_updates
    updates = await super().get_updates(
  File "/Users/cj/Library/Python/3.9/lib/python/site-packages/telegram/_bot.py", line 4780, in get_updates
    await self._post(
  File "/Users/cj/Library/Python/3.9/lib/python/site-packages/telegram/_bot.py", line 703, in _post
    return await self._do_post(
  File "/Users/cj/Library/Python/3.9/lib/python/site-packages/telegram/ext/_extbot.py", line 372, in _do_post
    return await super()._do_post(
  File "/Users/cj/Library/Python/3.9/lib/python/site-packages/telegram/_bot.py", line 732, in _do_post
    result = await request.post(
  File "/Users/cj/Library/Python/3.9/lib/python/site-packages/telegram/request/_baserequest.py", line 198, in post
    result = await self._request_wrapper(
  File "/Users/cj/Library/Python/3.9/lib/python/site-packages/telegram/request/_baserequest.py", line 375, in _request_wrapper
    raise exception
telegram.error.Conflict: Conflict: terminated by other getUpdates request; make sure that only one bot instance is running
2026-09-29 14:38:10,349 ERROR No error handlers are registered, logging exception.
Traceback (most recent call last):
  File "/Users/cj/Library/Python/3.9/lib/python/site-packages/telegram/ext/_utils/networkloop.py", line 134, in network_retry_loop
    await do_action()
  File "/Users/cj/Library/Python/3.9/lib/python/site-packages/telegram/ext/_utils/networkloop.py", line 127, in do_action
    action_cb_task.result()
  File "/Users/cj/Library/Python/3.9/lib/python/site-packages/telegram/ext/_updater.py", line 340, in polling_action_cb
    updates = await self.bot.get_updates(
  File "/Users/cj/Library/Python/3.9/lib/python/site-packages/telegram/ext/_extbot.py", line 676, in get_updates
    updates = await super().get_updates(
  File "/Users/cj/Library/Python/3.9/lib/python/site-packages/telegram/_bot.py", line 4780, in get_updates
    await self._post(
  File "/Users/cj/Library/Python/3.9/lib/python/site-packages/telegram/_bot.py", line 703, in _post
    return await self._do_post(
  File "/Users/cj/Library/Python/3.9/lib/python/site-packages/telegram/ext/_extbot.py", line 372, in _do_post
    return await super()._do_post(
  File "/Users/cj/Library/Python/3.9/lib/python/site-packages/telegram/_bot.py", line 732, in _do_post
    result = await request.post(
  File "/Users/cj/Library/Python/3.9/lib/python/site-packages/telegram/request/_baserequest.py", line 198, in post
    result = await self._request_wrapper(
  File "/Users/cj/Library/Python/3.9/lib/python/site-packages/telegram/request/_baserequest.py", line 375, in _request_wrapper
    raise exception
telegram.error.Conflict: Conflict: terminated by other getUpdates request; make sure that only one bot instance is running
2026-09-29 14:38:12,814 ERROR No error handlers are registered, logging exception.
Traceback (most recent call last):
  File "/Users/cj/Library/Python/3.9/lib/python/site-packages/telegram/ext/_utils/networkloop.py", line 134, in network_retry_loop
    await do_action()
  File "/Users/cj/Library/Python/3.9/lib/python/site-packages/telegram/ext/_utils/networkloop.py", line 127, in do_action
    action_cb_task.result()
  File "/Users/cj/Library/Python/3.9/lib/python/site-packages/telegram/ext/_updater.py", line 340, in polling_action_cb
    updates = await self.bot.get_updates(
  File "/Users/cj/Library/Python/3.9/lib/python/site-packages/telegram/ext/_extbot.py", line 676, in get_updates
    updates = await super().get_updates(
  File "/Users/cj/Library/Python/3.9/lib/python/site-packages/telegram/_bot.py", line 4780, in get_updates
    await self._post(
  File "/Users/cj/Library/Python/3.9/lib/python/site-packages/telegram/_bot.py", line 703, in _post
    return await self._do_post(
  File "/Users/cj/Library/Python/3.9/lib/python/site-packages/telegram/ext/_extbot.py", line 372, in _do_post
    return await super()._do_post(
  File "/Users/cj/Library/Python/3.9/lib/python/site-packages/telegram/_bot.py", line 732, in _do_post
    result = await request.post(
  File "/Users/cj/Library/Python/3.9/lib/python/site-packages/telegram/request/_baserequest.py", line 198, in post
    result = await self._request_wrapper(
  File "/Users/cj/Library/Python/3.9/lib/python/site-packages/telegram/request/_baserequest.py", line 375, in _request_wrapper
    raise exception
telegram.error.Conflict: Conflict: terminated by other getUpdates request; make sure that only one bot instance is running
2026-09-29 14:38:18,335 ERROR No error handlers are registered, logging exception.
Traceback (most recent call last):
  File "/Users/cj/Library/Python/3.9/lib/python/site-packages/telegram/ext/_utils/networkloop.py", line 134, in network_retry_loop
    await do_action()
  File "/Users/cj/Library/Python/3.9/lib/python/site-packages/telegram/ext/_utils/networkloop.py", line 127, in do_action
    action_cb_task.result()
  File "/Users/cj/Library/Python/3.9/lib/python/site-packages/telegram/ext/_updater.py", line 340, in polling_action_cb
    updates = await self.bot.get_updates(
  File "/Users/cj/Library/Python/3.9/lib/python/site-packages/telegram/ext/_extbot.py", line 676, in get_updates
    updates = await super().get_updates(
  File "/Users/cj/Library/Python/3.9/lib/python/site-packages/telegram/_bot.py", line 4780, in get_updates
    await self._post(
  File "/Users/cj/Library/Python/3.9/lib/python/site-packages/telegram/_bot.py", line 703, in _post
    return await self._do_post(
  File "/Users/cj/Library/Python/3.9/lib/python/site-packages/telegram/ext/_extbot.py", line 372, in _do_post
    return await super()._do_post(
  File "/Users/cj/Library/Python/3.9/lib/python/site-packages/telegram/_bot.py", line 732, in _do_post
    result = await request.post(
  File "/Users/cj/Library/Python/3.9/lib/python/site-packages/telegram/request/_baserequest.py", line 198, in post
    result = await self._request_wrapper(
  File "/Users/cj/Library/Python/3.9/lib/python/site-packages/telegram/request/_baserequest.py", line 375, in _request_wrapper
    raise exception
telegram.error.Conflict: Conflict: terminated by other getUpdates request; make sure that only one bot instance is running
2026-09-29 14:38:21,939 ERROR No error handlers are registered, logging exception.
Traceback (most recent call last):
  File "/Users/cj/Library/Python/3.9/lib/python/site-packages/telegram/ext/_utils/networkloop.py", line 134, in network_retry_loop
    await do_action()
  File "/Users/cj/Library/Python/3.9/lib/python/site-packages/telegram/ext/_utils/networkloop.py", line 127, in do_action
    action_cb_task.result()
  File "/Users/cj/Library/Python/3.9/lib/python/site-packages/telegram/ext/_updater.py", line 340, in polling_action_cb
    updates = await self.bot.get_updates(
  File "/Users/cj/Library/Python/3.9/lib/python/site-packages/telegram/ext/_extbot.py", line 676, in get_updates
    updates = await super().get_updates(
  File "/Users/cj/Library/Python/3.9/lib/python/site-packages/telegram/_bot.py", line 4780, in get_updates
    await self._post(
  File "/Users/cj/Library/Python/3.9/lib/python/site-packages/telegram/_bot.py", line 703, in _post
    return await self._do_post(
  File "/Users/cj/Library/Python/3.9/lib/python/site-packages/telegram/ext/_extbot.py", line 372, in _do_post
    return await super()._do_post(
  File "/Users/cj/Library/Python/3.9/lib/python/site-packages/telegram/_bot.py", line 732, in _do_post
    result = await request.post(
  File "/Users/cj/Library/Python/3.9/lib/python/site-packages/telegram/request/_baserequest.py", line 198, in post
    result = await self._request_wrapper(
  File "/Users/cj/Library/Python/3.9/lib/python/site-packages/telegram/request/_baserequest.py", line 375, in _request_wrapper
    raise exception
telegram.error.Conflict: Conflict: terminated by other getUpdates request; make sure that only one bot instance is running
2026-09-29 14:38:25,523 ERROR No error handlers are registered, logging exception.
Traceback (most recent call last):
  File "/Users/cj/Library/Python/3.9/lib/python/site-packages/telegram/ext/_utils/networkloop.py", line 134, in network_retry_loop
    await do_action()
  File "/Users/cj/Library/Python/3.9/lib/python/site-packages/telegram/ext/_utils/networkloop.py", line 127, in do_action
    action_cb_task.result()
  File "/Users/cj/Library/Python/3.9/lib/python/site-packages/telegram/ext/_updater.py", line 340, in polling_action_cb
    updates = await self.bot.get_updates(
  File "/Users/cj/Library/Python/3.9/lib/python/site-packages/telegram/ext/_extbot.py", line 676, in get_updates
    updates = await super().get_updates(
  File "/Users/cj/Library/Python/3.9/lib/python/site-packages/telegram/_bot.py", line 4780, in get_updates
    await self._post(
  File "/Users/cj/Library/Python/3.9/lib/python/site-packages/telegram/_bot.py", line 703, in _post
    return await self._do_post(
  File "/Users/cj/Library/Python/3.9/lib/python/site-packages/telegram/ext/_extbot.py", line 372, in _do_post
    return await super()._do_post(
  File "/Users/cj/Library/Python/3.9/lib/python/site-packages/telegram/_bot.py", line 732, in _do_post
    result = await request.post(
  File "/Users/cj/Library/Python/3.9/lib/python/site-packages/telegram/request/_baserequest.py", line 198, in post
    result = await self._request_wrapper(
  File "/Users/cj/Library/Python/3.9/lib/python/site-packages/telegram/request/_baserequest.py", line 375, in _request_wrapper
    raise exception
telegram.error.Conflict: Conflict: terminated by other getUpdates request; make sure that only one bot instance is running
2026-09-29 14:38:31,838 ERROR No error handlers are registered, logging exception.
Traceback (most recent call last):
  File "/Users/cj/Library/Python/3.9/lib/python/site-packages/telegram/ext/_utils/networkloop.py", line 134, in network_retry_loop
    await do_action()
  File "/Users/cj/Library/Python/3.9/lib/python/site-packages/telegram/ext/_utils/networkloop.py", line 127, in do_action
    action_cb_task.result()
  File "/Users/cj/Library/Python/3.9/lib/python/site-packages/telegram/ext/_updater.py", line 340, in polling_action_cb
    updates = await self.bot.get_updates(
  File "/Users/cj/Library/Python/3.9/lib/python/site-packages/telegram/ext/_extbot.py", line 676, in get_updates
    updates = await super().get_updates(
  File "/Users/cj/Library/Python/3.9/lib/python/site-packages/telegram/_bot.py", line 4780, in get_updates
    await self._post(
  File "/Users/cj/Library/Python/3.9/lib/python/site-packages/telegram/_bot.py", line 703, in _post
    return await self._do_post(
  File "/Users/cj/Library/Python/3.9/lib/python/site-packages/telegram/ext/_extbot.py", line 372, in _do_post
    return await super()._do_post(
  File "/Users/cj/Library/Python/3.9/lib/python/site-packages/telegram/_bot.py", line 732, in _do_post
    result = await request.post(
  File "/Users/cj/Library/Python/3.9/lib/python/site-packages/telegram/request/_baserequest.py", line 198, in post
    result = await self._request_wrapper(
  File "/Users/cj/Library/Python/3.9/lib/python/site-packages/telegram/request/_baserequest.py", line 375, in _request_wrapper
    raise exception
telegram.error.Conflict: Conflict: terminated by other getUpdates request; make sure that only one bot instance is running
2026-09-29 14:38:37,797 ERROR No error handlers are registered, logging exception.
Traceback (most recent call last):
  File "/Users/cj/Library/Python/3.9/lib/python/site-packages/telegram/ext/_utils/networkloop.py", line 134, in network_retry_loop
    await do_action()
  File "/Users/cj/Library/Python/3.9/lib/python/site-packages/telegram/ext/_utils/networkloop.py", line 127, in do_action
    action_cb_task.result()
  File "/Users/cj/Library/Python/3.9/lib/python/site-packages/telegram/ext/_updater.py", line 340, in polling_action_cb
    updates = await self.bot.get_updates(
  File "/Users/cj/Library/Python/3.9/lib/python/site-packages/telegram/ext/_extbot.py", line 676, in get_updates
    updates = await super().get_updates(
  File "/Users/cj/Library/Python/3.9/lib/python/site-packages/telegram/_bot.py", line 4780, in get_updates
    await self._post(
  File "/Users/cj/Library/Python/3.9/lib/python/site-packages/telegram/_bot.py", line 703, in _post
    return await self._do_post(
  File "/Users/cj/Library/Python/3.9/lib/python/site-packages/telegram/ext/_extbot.py", line 372, in _do_post
    return await super()._do_post(
  File "/Users/cj/Library/Python/3.9/lib/python/site-packages/telegram/_bot.py", line 732, in _do_post
    result = await request.post(
  File "/Users/cj/Library/Python/3.9/lib/python/site-packages/telegram/request/_baserequest.py", line 198, in post
    result = await self._request_wrapper(
  File "/Users/cj/Library/Python/3.9/lib/python/site-packages/telegram/request/_baserequest.py", line 375, in _request_wrapper
    raise exception
telegram.error.Conflict: Conflict: terminated by other getUpdates request; make sure that only one bot instance is running
2026-09-29 14:38:47,620 ERROR No error handlers are registered, logging exception.
Traceback (most recent call last):
  File "/Users/cj/Library/Python/3.9/lib/python/site-packages/telegram/ext/_utils/networkloop.py", line 134, in network_retry_loop
    await do_action()
  File "/Users/cj/Library/Python/3.9/lib/python/site-packages/telegram/ext/_utils/networkloop.py", line 127, in do_action
    action_cb_task.result()
  File "/Users/cj/Library/Python/3.9/lib/python/site-packages/telegram/ext/_updater.py", line 340, in polling_action_cb
    updates = await self.bot.get_updates(
  File "/Users/cj/Library/Python/3.9/lib/python/site-packages/telegram/ext/_extbot.py", line 676, in get_updates
    updates = await super().get_updates(
  File "/Users/cj/Library/Python/3.9/lib/python/site-packages/telegram/_bot.py", line 4780, in get_updates
    await self._post(
  File "/Users/cj/Library/Python/3.9/lib/python/site-packages/telegram/_bot.py", line 703, in _post
    return await self._do_post(
  File "/Users/cj/Library/Python/3.9/lib/python/site-packages/telegram/ext/_extbot.py", line 372, in _do_post
    return await super()._do_post(
  File "/Users/cj/Library/Python/3.9/lib/python/site-packages/telegram/_bot.py", line 732, in _do_post
    result = await request.post(
  File "/Users/cj/Library/Python/3.9/lib/python/site-packages/telegram/request/_baserequest.py", line 198, in post
    result = await self._request_wrapper(
  File "/Users/cj/Library/Python/3.9/lib/python/site-packages/telegram/request/_baserequest.py", line 375, in _request_wrapper
    raise exception
telegram.error.Conflict: Conflict: terminated by other getUpdates request; make sure that only one bot instance is running
2026-09-29 14:38:56,356 ERROR No error handlers are registered, logging exception.
Traceback (most recent call last):
  File "/Users/cj/Library/Python/3.9/lib/python/site-packages/telegram/ext/_utils/networkloop.py", line 134, in network_retry_loop
    await do_action()
  File "/Users/cj/Library/Python/3.9/lib/python/site-packages/telegram/ext/_utils/networkloop.py", line 127, in do_action
    action_cb_task.result()
  File "/Users/cj/Library/Python/3.9/lib/python/site-packages/telegram/ext/_updater.py", line 340, in polling_action_cb
    updates = await self.bot.get_updates(
  File "/Users/cj/Library/Python/3.9/lib/python/site-packages/telegram/ext/_extbot.py", line 676, in get_updates
    updates = await super().get_updates(
  File "/Users/cj/Library/Python/3.9/lib/python/site-packages/telegram/_bot.py", line 4780, in get_updates
    await self._post(
  File "/Users/cj/Library/Python/3.9/lib/python/site-packages/telegram/_bot.py", line 703, in _post
    return await self._do_post(
  File "/Users/cj/Library/Python/3.9/lib/python/site-packages/telegram/ext/_extbot.py", line 372, in _do_post
    return await super()._do_post(
  File "/Users/cj/Library/Python/3.9/lib/python/site-packages/telegram/_bot.py", line 732, in _do_post
    result = await request.post(
  File "/Users/cj/Library/Python/3.9/lib/python/site-packages/telegram/request/_baserequest.py", line 198, in post
    result = await self._request_wrapper(
  File "/Users/cj/Library/Python/3.9/lib/python/site-packages/telegram/request/_baserequest.py", line 375, in _request_wrapper
    raise exception
telegram.error.Conflict: Conflict: terminated by other getUpdates request; make sure that only one bot instance is running
2026-09-29 14:39:08,941 ERROR No error handlers are registered, logging exception.
Traceback (most recent call last):
  File "/Users/cj/Library/Python/3.9/lib/python/site-packages/telegram/ext/_utils/networkloop.py", line 134, in network_retry_loop
    await do_action()
  File "/Users/cj/Library/Python/3.9/lib/python/site-packages/telegram/ext/_utils/networkloop.py", line 127, in do_action
    action_cb_task.result()
  File "/Users/cj/Library/Python/3.9/lib/python/site-packages/telegram/ext/_updater.py", line 340, in polling_action_cb
    updates = await self.bot.get_updates(
  File "/Users/cj/Library/Python/3.9/lib/python/site-packages/telegram/ext/_extbot.py", line 676, in get_updates
    updates = await super().get_updates(
  File "/Users/cj/Library/Python/3.9/lib/python/site-packages/telegram/_bot.py", line 4780, in get_updates
    await self._post(
  File "/Users/cj/Library/Python/3.9/lib/python/site-packages/telegram/_bot.py", line 703, in _post
    return await self._do_post(
  File "/Users/cj/Library/Python/3.9/lib/python/site-packages/telegram/ext/_extbot.py", line 372, in _do_post
    return await super()._do_post(
  File "/Users/cj/Library/Python/3.9/lib/python/site-packages/telegram/_bot.py", line 732, in _do_post
    result = await request.post(
  File "/Users/cj/Library/Python/3.9/lib/python/site-packages/telegram/request/_baserequest.py", line 198, in post
    result = await self._request_wrapper(
  File "/Users/cj/Library/Python/3.9/lib/python/site-packages/telegram/request/_baserequest.py", line 375, in _request_wrapper
    raise exception
telegram.error.Conflict: Conflict: terminated by other getUpdates request; make sure that only one bot instance is running
2026-09-29 14:39:13,252 ERROR No error handlers are registered, logging exception.
Traceback (most recent call last):
  File "/Users/cj/Library/Python/3.9/lib/python/site-packages/telegram/ext/_utils/networkloop.py", line 134, in network_retry_loop
    await do_action()
  File "/Users/cj/Library/Python/3.9/lib/python/site-packages/telegram/ext/_utils/networkloop.py", line 127, in do_action
    action_cb_task.result()
  File "/Users/cj/Library/Python/3.9/lib/python/site-packages/telegram/ext/_updater.py", line 340, in polling_action_cb
    updates = await self.bot.get_updates(
  File "/Users/cj/Library/Python/3.9/lib/python/site-packages/telegram/ext/_extbot.py", line 676, in get_updates
    updates = await super().get_updates(
  File "/Users/cj/Library/Python/3.9/lib/python/site-packages/telegram/_bot.py", line 4780, in get_updates
    await self._post(
  File "/Users/cj/Library/Python/3.9/lib/python/site-packages/telegram/_bot.py", line 703, in _post
    return await self._do_post(
  File "/Users/cj/Library/Python/3.9/lib/python/site-packages/telegram/ext/_extbot.py", line 372, in _do_post
    return await super()._do_post(
  File "/Users/cj/Library/Python/3.9/lib/python/site-packages/telegram/_bot.py", line 732, in _do_post
    result = await request.post(
  File "/Users/cj/Library/Python/3.9/lib/python/site-packages/telegram/request/_baserequest.py", line 198, in post
    result = await self._request_wrapper(
  File "/Users/cj/Library/Python/3.9/lib/python/site-packages/telegram/request/_baserequest.py", line 375, in _request_wrapper
    raise exception
telegram.error.Conflict: Conflict: terminated by other getUpdates request; make sure that only one bot instance is running
2026-09-29 14:39:31,250 ERROR No error handlers are registered, logging exception.
Traceback (most recent call last):
  File "/Users/cj/Library/Python/3.9/lib/python/site-packages/telegram/ext/_utils/networkloop.py", line 134, in network_retry_loop
    await do_action()
  File "/Users/cj/Library/Python/3.9/lib/python/site-packages/telegram/ext/_utils/networkloop.py", line 127, in do_action
    action_cb_task.result()
  File "/Users/cj/Library/Python/3.9/lib/python/site-packages/telegram/ext/_updater.py", line 340, in polling_action_cb
    updates = await self.bot.get_updates(
  File "/Users/cj/Library/Python/3.9/lib/python/site-packages/telegram/ext/_extbot.py", line 676, in get_updates
    updates = await super().get_updates(
  File "/Users/cj/Library/Python/3.9/lib/python/site-packages/telegram/_bot.py", line 4780, in get_updates
    await self._post(
  File "/Users/cj/Library/Python/3.9/lib/python/site-packages/telegram/_bot.py", line 703, in _post
    return await self._do_post(
  File "/Users/cj/Library/Python/3.9/lib/python/site-packages/telegram/ext/_extbot.py", line 372, in _do_post
    return await super()._do_post(
  File "/Users/cj/Library/Python/3.9/lib/python/site-packages/telegram/_bot.py", line 732, in _do_post
    result = await request.post(
  File "/Users/cj/Library/Python/3.9/lib/python/site-packages/telegram/request/_baserequest.py", line 198, in post
    result = await self._request_wrapper(
  File "/Users/cj/Library/Python/3.9/lib/python/site-packages/telegram/request/_baserequest.py", line 375, in _request_wrapper
    raise exception
telegram.error.Conflict: Conflict: terminated by other getUpdates request; make sure that only one bot instance is running
2026-09-29 14:39:35,544 ERROR No error handlers are registered, logging exception.
Traceback (most recent call last):
  File "/Users/cj/Library/Python/3.9/lib/python/site-packages/telegram/ext/_utils/networkloop.py", line 134, in network_retry_loop
    await do_action()
  File "/Users/cj/Library/Python/3.9/lib/python/site-packages/telegram/ext/_utils/networkloop.py", line 127, in do_action
    action_cb_task.result()
  File "/Users/cj/Library/Python/3.9/lib/python/site-packages/telegram/ext/_updater.py", line 340, in polling_action_cb
    updates = await self.bot.get_updates(
  File "/Users/cj/Library/Python/3.9/lib/python/site-packages/telegram/ext/_extbot.py", line 676, in get_updates
    updates = await super().get_updates(
  File "/Users/cj/Library/Python/3.9/lib/python/site-packages/telegram/_bot.py", line 4780, in get_updates
    await self._post(
  File "/Users/cj/Library/Python/3.9/lib/python/site-packages/telegram/_bot.py", line 703, in _post
    return await self._do_post(
  File "/Users/cj/Library/Python/3.9/lib/python/site-packages/telegram/ext/_extbot.py", line 372, in _do_post
    return await super()._do_post(
  File "/Users/cj/Library/Python/3.9/lib/python/site-packages/telegram/_bot.py", line 732, in _do_post
    result = await request.post(
  File "/Users/cj/Library/Python/3.9/lib/python/site-packages/telegram/request/_baserequest.py", line 198, in post
    result = await self._request_wrapper(
  File "/Users/cj/Library/Python/3.9/lib/python/site-packages/telegram/request/_baserequest.py", line 375, in _request_wrapper
    raise exception
telegram.error.Conflict: Conflict: terminated by other getUpdates request; make sure that only one bot instance is running
2026-09-29 14:40:02,181 ERROR No error handlers are registered, logging exception.
Traceback (most recent call last):
  File "/Users/cj/Library/Python/3.9/lib/python/site-packages/telegram/ext/_utils/networkloop.py", line 134, in network_retry_loop
    await do_action()
  File "/Users/cj/Library/Python/3.9/lib/python/site-packages/telegram/ext/_utils/networkloop.py", line 127, in do_action
    action_cb_task.result()
  File "/Users/cj/Library/Python/3.9/lib/python/site-packages/telegram/ext/_updater.py", line 340, in polling_action_cb
    updates = await self.bot.get_updates(
  File "/Users/cj/Library/Python/3.9/lib/python/site-packages/telegram/ext/_extbot.py", line 676, in get_updates
    updates = await super().get_updates(
  File "/Users/cj/Library/Python/3.9/lib/python/site-packages/telegram/_bot.py", line 4780, in get_updates
    await self._post(
  File "/Users/cj/Library/Python/3.9/lib/python/site-packages/telegram/_bot.py", line 703, in _post
    return await self._do_post(
  File "/Users/cj/Library/Python/3.9/lib/python/site-packages/telegram/ext/_extbot.py", line 372, in _do_post
    return await super()._do_post(
  File "/Users/cj/Library/Python/3.9/lib/python/site-packages/telegram/_bot.py", line 732, in _do_post
    result = await request.post(
  File "/Users/cj/Library/Python/3.9/lib/python/site-packages/telegram/request/_baserequest.py", line 198, in post
    result = await self._request_wrapper(
  File "/Users/cj/Library/Python/3.9/lib/python/site-packages/telegram/request/_baserequest.py", line 375, in _request_wrapper
    raise exception
telegram.error.Conflict: Conflict: terminated by other getUpdates request; make sure that only one bot instance is running
2026-09-29 14:40:06,466 ERROR No error handlers are registered, logging exception.
Traceback (most recent call last):
  File "/Users/cj/Library/Python/3.9/lib/python/site-packages/telegram/ext/_utils/networkloop.py", line 134, in network_retry_loop
    await do_action()
  File "/Users/cj/Library/Python/3.9/lib/python/site-packages/telegram/ext/_utils/networkloop.py", line 127, in do_action
    action_cb_task.result()
  File "/Users/cj/Library/Python/3.9/lib/python/site-packages/telegram/ext/_updater.py", line 340, in polling_action_cb
    updates = await self.bot.get_updates(
  File "/Users/cj/Library/Python/3.9/lib/python/site-packages/telegram/ext/_extbot.py", line 676, in get_updates
    updates = await super().get_updates(
  File "/Users/cj/Library/Python/3.9/lib/python/site-packages/telegram/_bot.py", line 4780, in get_updates
    await self._post(
  File "/Users/cj/Library/Python/3.9/lib/python/site-packages/telegram/_bot.py", line 703, in _post
    return await self._do_post(
  File "/Users/cj/Library/Python/3.9/lib/python/site-packages/telegram/ext/_extbot.py", line 372, in _do_post
    return await super()._do_post(
  File "/Users/cj/Library/Python/3.9/lib/python/site-packages/telegram/_bot.py", line 732, in _do_post
    result = await request.post(
  File "/Users/cj/Library/Python/3.9/lib/python/site-packages/telegram/request/_baserequest.py", line 198, in post
    result = await self._request_wrapper(
  File "/Users/cj/Library/Python/3.9/lib/python/site-packages/telegram/request/_baserequest.py", line 375, in _request_wrapper
    raise exception
telegram.error.Conflict: Conflict: terminated by other getUpdates request; make sure that only one bot instance is running
2026-09-29 14:40:14,174 ERROR Task was destroyed but it is pending!
task: <Task pending name='Updater:start_polling:polling_task' coro=<network_retry_loop() running at /Users/cj/Library/Python/3.9/lib/python/site-packages/telegram/ext/_utils/networkloop.py:174> wait_for=<Future pending cb=[<TaskWakeupMethWrapper object at 0x1071719d0>()]> cb=[<TaskWakeupMethWrapper object at 0x1071714f0>()]>
2026-09-29 14:40:14,174 ERROR Task was destroyed but it is pending!
task: <Task pending name='Application:8953159917:update_fetcher' coro=<Application._update_fetcher() running at /Users/cj/Library/Python/3.9/lib/python/site-packages/telegram/ext/_application.py:1233> wait_for=<Future pending cb=[<TaskWakeupMethWrapper object at 0x106fae3d0>()]>>
Exception ignored in: <coroutine object Application._update_fetcher at 0x106efdd40>
Traceback (most recent call last):
  File "/Users/cj/Library/Python/3.9/lib/python/site-packages/telegram/ext/_application.py", line 1233, in _update_fetcher
    await self.__update_fetcher()
  File "/Users/cj/Library/Python/3.9/lib/python/site-packages/telegram/ext/_application.py", line 1212, in __update_fetcher
    update = await self.update_queue.get()
  File "/Applications/Xcode.app/Contents/Developer/Library/Frameworks/Python3.framework/Versions/3.9/lib/python3.9/asyncio/queues.py", line 168, in get
    getter.cancel()  # Just in case getter is not done yet.
  File "/Applications/Xcode.app/Contents/Developer/Library/Frameworks/Python3.framework/Versions/3.9/lib/python3.9/asyncio/base_events.py", line 746, in call_soon
    self._check_closed()
  File "/Applications/Xcode.app/Contents/Developer/Library/Frameworks/Python3.framework/Versions/3.9/lib/python3.9/asyncio/base_events.py", line 510, in _check_closed
    raise RuntimeError('Event loop is closed')
RuntimeError: Event loop is closed
2026-09-29 14:40:15,561 INFO SB24 – ព័ត៌មានកីឡា is running…
2026-09-29 14:40:17,152 INFO Application started
2026-09-29 14:40:18,037 ERROR No error handlers are registered, logging exception.
Traceback (most recent call last):
  File "/Users/cj/Library/Python/3.9/lib/python/site-packages/telegram/ext/_utils/networkloop.py", line 134, in network_retry_loop
    await do_action()
  File "/Users/cj/Library/Python/3.9/lib/python/site-packages/telegram/ext/_utils/networkloop.py", line 127, in do_action
    action_cb_task.result()
  File "/Users/cj/Library/Python/3.9/lib/python/site-packages/telegram/ext/_updater.py", line 340, in polling_action_cb
    updates = await self.bot.get_updates(
  File "/Users/cj/Library/Python/3.9/lib/python/site-packages/telegram/ext/_extbot.py", line 676, in get_updates
    updates = await super().get_updates(
  File "/Users/cj/Library/Python/3.9/lib/python/site-packages/telegram/_bot.py", line 4780, in get_updates
    await self._post(
  File "/Users/cj/Library/Python/3.9/lib/python/site-packages/telegram/_bot.py", line 703, in _post
    return await self._do_post(
  File "/Users/cj/Library/Python/3.9/lib/python/site-packages/telegram/ext/_extbot.py", line 372, in _do_post
    return await super()._do_post(
  File "/Users/cj/Library/Python/3.9/lib/python/site-packages/telegram/_bot.py", line 732, in _do_post
    result = await request.post(
  File "/Users/cj/Library/Python/3.9/lib/python/site-packages/telegram/request/_baserequest.py", line 198, in post
    result = await self._request_wrapper(
  File "/Users/cj/Library/Python/3.9/lib/python/site-packages/telegram/request/_baserequest.py", line 375, in _request_wrapper
    raise exception
telegram.error.Conflict: Conflict: terminated by other getUpdates request; make sure that only one bot instance is running
2026-09-29 14:40:22,262 ERROR No error handlers are registered, logging exception.
Traceback (most recent call last):
  File "/Users/cj/Library/Python/3.9/lib/python/site-packages/telegram/ext/_utils/networkloop.py", line 134, in network_retry_loop
    await do_action()
  File "/Users/cj/Library/Python/3.9/lib/python/site-packages/telegram/ext/_utils/networkloop.py", line 127, in do_action
    action_cb_task.result()
  File "/Users/cj/Library/Python/3.9/lib/python/site-packages/telegram/ext/_updater.py", line 340, in polling_action_cb
    updates = await self.bot.get_updates(
  File "/Users/cj/Library/Python/3.9/lib/python/site-packages/telegram/ext/_extbot.py", line 676, in get_updates
    updates = await super().get_updates(
  File "/Users/cj/Library/Python/3.9/lib/python/site-packages/telegram/_bot.py", line 4780, in get_updates
    await self._post(
  File "/Users/cj/Library/Python/3.9/lib/python/site-packages/telegram/_bot.py", line 703, in _post
    return await self._do_post(
  File "/Users/cj/Library/Python/3.9/lib/python/site-packages/telegram/ext/_extbot.py", line 372, in _do_post
    return await super()._do_post(
  File "/Users/cj/Library/Python/3.9/lib/python/site-packages/telegram/_bot.py", line 732, in _do_post
    result = await request.post(
  File "/Users/cj/Library/Python/3.9/lib/python/site-packages/telegram/request/_baserequest.py", line 198, in post
    result = await self._request_wrapper(
  File "/Users/cj/Library/Python/3.9/lib/python/site-packages/telegram/request/_baserequest.py", line 375, in _request_wrapper
    raise exception
telegram.error.Conflict: Conflict: terminated by other getUpdates request; make sure that only one bot instance is running
2026-09-29 14:40:23,485 ERROR No error handlers are registered, logging exception.
Traceback (most recent call last):
  File "/Users/cj/Library/Python/3.9/lib/python/site-packages/telegram/ext/_utils/networkloop.py", line 134, in network_retry_loop
    await do_action()
  File "/Users/cj/Library/Python/3.9/lib/python/site-packages/telegram/ext/_utils/networkloop.py", line 127, in do_action
    action_cb_task.result()
  File "/Users/cj/Library/Python/3.9/lib/python/site-packages/telegram/ext/_updater.py", line 340, in polling_action_cb
    updates = await self.bot.get_updates(
  File "/Users/cj/Library/Python/3.9/lib/python/site-packages/telegram/ext/_extbot.py", line 676, in get_updates
    updates = await super().get_updates(
  File "/Users/cj/Library/Python/3.9/lib/python/site-packages/telegram/_bot.py", line 4780, in get_updates
    await self._post(
  File "/Users/cj/Library/Python/3.9/lib/python/site-packages/telegram/_bot.py", line 703, in _post
    return await self._do_post(
  File "/Users/cj/Library/Python/3.9/lib/python/site-packages/telegram/ext/_extbot.py", line 372, in _do_post
    return await super()._do_post(
  File "/Users/cj/Library/Python/3.9/lib/python/site-packages/telegram/_bot.py", line 732, in _do_post
    result = await request.post(
  File "/Users/cj/Library/Python/3.9/lib/python/site-packages/telegram/request/_baserequest.py", line 198, in post
    result = await self._request_wrapper(
  File "/Users/cj/Library/Python/3.9/lib/python/site-packages/telegram/request/_baserequest.py", line 375, in _request_wrapper
    raise exception
telegram.error.Conflict: Conflict: terminated by other getUpdates request; make sure that only one bot instance is running
2026-09-29 14:40:27,707 ERROR No error handlers are registered, logging exception.
Traceback (most recent call last):
  File "/Users/cj/Library/Python/3.9/lib/python/site-packages/telegram/ext/_utils/networkloop.py", line 134, in network_retry_loop
    await do_action()
  File "/Users/cj/Library/Python/3.9/lib/python/site-packages/telegram/ext/_utils/networkloop.py", line 127, in do_action
    action_cb_task.result()
  File "/Users/cj/Library/Python/3.9/lib/python/site-packages/telegram/ext/_updater.py", line 340, in polling_action_cb
    updates = await self.bot.get_updates(
  File "/Users/cj/Library/Python/3.9/lib/python/site-packages/telegram/ext/_extbot.py", line 676, in get_updates
    updates = await super().get_updates(
  File "/Users/cj/Library/Python/3.9/lib/python/site-packages/telegram/_bot.py", line 4780, in get_updates
    await self._post(
  File "/Users/cj/Library/Python/3.9/lib/python/site-packages/telegram/_bot.py", line 703, in _post
    return await self._do_post(
  File "/Users/cj/Library/Python/3.9/lib/python/site-packages/telegram/ext/_extbot.py", line 372, in _do_post
    return await super()._do_post(
  File "/Users/cj/Library/Python/3.9/lib/python/site-packages/telegram/_bot.py", line 732, in _do_post
    result = await request.post(
  File "/Users/cj/Library/Python/3.9/lib/python/site-packages/telegram/request/_baserequest.py", line 198, in post
    result = await self._request_wrapper(
  File "/Users/cj/Library/Python/3.9/lib/python/site-packages/telegram/request/_baserequest.py", line 375, in _request_wrapper
    raise exception
telegram.error.Conflict: Conflict: terminated by other getUpdates request; make sure that only one bot instance is running
2026-09-29 14:40:29,432 ERROR No error handlers are registered, logging exception.
Traceback (most recent call last):
  File "/Users/cj/Library/Python/3.9/lib/python/site-packages/telegram/ext/_utils/networkloop.py", line 134, in network_retry_loop
    await do_action()
  File "/Users/cj/Library/Python/3.9/lib/python/site-packages/telegram/ext/_utils/networkloop.py", line 127, in do_action
    action_cb_task.result()
  File "/Users/cj/Library/Python/3.9/lib/python/site-packages/telegram/ext/_updater.py", line 340, in polling_action_cb
    updates = await self.bot.get_updates(
  File "/Users/cj/Library/Python/3.9/lib/python/site-packages/telegram/ext/_extbot.py", line 676, in get_updates
    updates = await super().get_updates(
  File "/Users/cj/Library/Python/3.9/lib/python/site-packages/telegram/_bot.py", line 4780, in get_updates
    await self._post(
  File "/Users/cj/Library/Python/3.9/lib/python/site-packages/telegram/_bot.py", line 703, in _post
    return await self._do_post(
  File "/Users/cj/Library/Python/3.9/lib/python/site-packages/telegram/ext/_extbot.py", line 372, in _do_post
    return await super()._do_post(
  File "/Users/cj/Library/Python/3.9/lib/python/site-packages/telegram/_bot.py", line 732, in _do_post
    result = await request.post(
  File "/Users/cj/Library/Python/3.9/lib/python/site-packages/telegram/request/_baserequest.py", line 198, in post
    result = await self._request_wrapper(
  File "/Users/cj/Library/Python/3.9/lib/python/site-packages/telegram/request/_baserequest.py", line 375, in _request_wrapper
    raise exception
telegram.error.Conflict: Conflict: terminated by other getUpdates request; make sure that only one bot instance is running
2026-09-29 14:40:34,218 ERROR No error handlers are registered, logging exception.
Traceback (most recent call last):
  File "/Users/cj/Library/Python/3.9/lib/python/site-packages/telegram/ext/_utils/networkloop.py", line 134, in network_retry_loop
    await do_action()
  File "/Users/cj/Library/Python/3.9/lib/python/site-packages/telegram/ext/_utils/networkloop.py", line 127, in do_action
    action_cb_task.result()
  File "/Users/cj/Library/Python/3.9/lib/python/site-packages/telegram/ext/_updater.py", line 340, in polling_action_cb
    updates = await self.bot.get_updates(
  File "/Users/cj/Library/Python/3.9/lib/python/site-packages/telegram/ext/_extbot.py", line 676, in get_updates
    updates = await super().get_updates(
  File "/Users/cj/Library/Python/3.9/lib/python/site-packages/telegram/_bot.py", line 4780, in get_updates
    await self._post(
  File "/Users/cj/Library/Python/3.9/lib/python/site-packages/telegram/_bot.py", line 703, in _post
    return await self._do_post(
  File "/Users/cj/Library/Python/3.9/lib/python/site-packages/telegram/ext/_extbot.py", line 372, in _do_post
    return await super()._do_post(
  File "/Users/cj/Library/Python/3.9/lib/python/site-packages/telegram/_bot.py", line 732, in _do_post
    result = await request.post(
  File "/Users/cj/Library/Python/3.9/lib/python/site-packages/telegram/request/_baserequest.py", line 198, in post
    result = await self._request_wrapper(
  File "/Users/cj/Library/Python/3.9/lib/python/site-packages/telegram/request/_baserequest.py", line 375, in _request_wrapper
    raise exception
telegram.error.Conflict: Conflict: terminated by other getUpdates request; make sure that only one bot instance is running
2026-09-29 14:40:36,813 ERROR No error handlers are registered, logging exception.
Traceback (most recent call last):
  File "/Users/cj/Library/Python/3.9/lib/python/site-packages/telegram/ext/_utils/networkloop.py", line 134, in network_retry_loop
    await do_action()
  File "/Users/cj/Library/Python/3.9/lib/python/site-packages/telegram/ext/_utils/networkloop.py", line 127, in do_action
    action_cb_task.result()
  File "/Users/cj/Library/Python/3.9/lib/python/site-packages/telegram/ext/_updater.py", line 340, in polling_action_cb
    updates = await self.bot.get_updates(
  File "/Users/cj/Library/Python/3.9/lib/python/site-packages/telegram/ext/_extbot.py", line 676, in get_updates
    updates = await super().get_updates(
  File "/Users/cj/Library/Python/3.9/lib/python/site-packages/telegram/_bot.py", line 4780, in get_updates
    await self._post(
  File "/Users/cj/Library/Python/3.9/lib/python/site-packages/telegram/_bot.py", line 703, in _post
    return await self._do_post(
  File "/Users/cj/Library/Python/3.9/lib/python/site-packages/telegram/ext/_extbot.py", line 372, in _do_post
    return await super()._do_post(
  File "/Users/cj/Library/Python/3.9/lib/python/site-packages/telegram/_bot.py", line 732, in _do_post
    result = await request.post(
  File "/Users/cj/Library/Python/3.9/lib/python/site-packages/telegram/request/_baserequest.py", line 198, in post
    result = await self._request_wrapper(
  File "/Users/cj/Library/Python/3.9/lib/python/site-packages/telegram/request/_baserequest.py", line 375, in _request_wrapper
    raise exception
telegram.error.Conflict: Conflict: terminated by other getUpdates request; make sure that only one bot instance is running
2026-09-29 14:40:42,293 ERROR No error handlers are registered, logging exception.
Traceback (most recent call last):
  File "/Users/cj/Library/Python/3.9/lib/python/site-packages/telegram/ext/_utils/networkloop.py", line 134, in network_retry_loop
    await do_action()
  File "/Users/cj/Library/Python/3.9/lib/python/site-packages/telegram/ext/_utils/networkloop.py", line 127, in do_action
    action_cb_task.result()
  File "/Users/cj/Library/Python/3.9/lib/python/site-packages/telegram/ext/_updater.py", line 340, in polling_action_cb
    updates = await self.bot.get_updates(
  File "/Users/cj/Library/Python/3.9/lib/python/site-packages/telegram/ext/_extbot.py", line 676, in get_updates
    updates = await super().get_updates(
  File "/Users/cj/Library/Python/3.9/lib/python/site-packages/telegram/_bot.py", line 4780, in get_updates
    await self._post(
  File "/Users/cj/Library/Python/3.9/lib/python/site-packages/telegram/_bot.py", line 703, in _post
    return await self._do_post(
  File "/Users/cj/Library/Python/3.9/lib/python/site-packages/telegram/ext/_extbot.py", line 372, in _do_post
    return await super()._do_post(
  File "/Users/cj/Library/Python/3.9/lib/python/site-packages/telegram/_bot.py", line 732, in _do_post
    result = await request.post(
  File "/Users/cj/Library/Python/3.9/lib/python/site-packages/telegram/request/_baserequest.py", line 198, in post
    result = await self._request_wrapper(
  File "/Users/cj/Library/Python/3.9/lib/python/site-packages/telegram/request/_baserequest.py", line 375, in _request_wrapper
    raise exception
telegram.error.Conflict: Conflict: terminated by other getUpdates request; make sure that only one bot instance is running
2026-09-29 14:40:45,936 ERROR No error handlers are registered, logging exception.
Traceback (most recent call last):
  File "/Users/cj/Library/Python/3.9/lib/python/site-packages/telegram/ext/_utils/networkloop.py", line 134, in network_retry_loop
    await do_action()
  File "/Users/cj/Library/Python/3.9/lib/python/site-packages/telegram/ext/_utils/networkloop.py", line 127, in do_action
    action_cb_task.result()
  File "/Users/cj/Library/Python/3.9/lib/python/site-packages/telegram/ext/_updater.py", line 340, in polling_action_cb
    updates = await self.bot.get_updates(
  File "/Users/cj/Library/Python/3.9/lib/python/site-packages/telegram/ext/_extbot.py", line 676, in get_updates
    updates = await super().get_updates(
  File "/Users/cj/Library/Python/3.9/lib/python/site-packages/telegram/_bot.py", line 4780, in get_updates
    await self._post(
  File "/Users/cj/Library/Python/3.9/lib/python/site-packages/telegram/_bot.py", line 703, in _post
    return await self._do_post(
  File "/Users/cj/Library/Python/3.9/lib/python/site-packages/telegram/ext/_extbot.py", line 372, in _do_post
    return await super()._do_post(
  File "/Users/cj/Library/Python/3.9/lib/python/site-packages/telegram/_bot.py", line 732, in _do_post
    result = await request.post(
  File "/Users/cj/Library/Python/3.9/lib/python/site-packages/telegram/request/_baserequest.py", line 198, in post
    result = await self._request_wrapper(
  File "/Users/cj/Library/Python/3.9/lib/python/site-packages/telegram/request/_baserequest.py", line 375, in _request_wrapper
    raise exception
telegram.error.Conflict: Conflict: terminated by other getUpdates request; make sure that only one bot instance is running
2026-09-29 14:40:49,538 ERROR No error handlers are registered, logging exception.
Traceback (most recent call last):
  File "/Users/cj/Library/Python/3.9/lib/python/site-packages/telegram/ext/_utils/networkloop.py", line 134, in network_retry_loop
    await do_action()
  File "/Users/cj/Library/Python/3.9/lib/python/site-packages/telegram/ext/_utils/networkloop.py", line 127, in do_action
    action_cb_task.result()
  File "/Users/cj/Library/Python/3.9/lib/python/site-packages/telegram/ext/_updater.py", line 340, in polling_action_cb
    updates = await self.bot.get_updates(
  File "/Users/cj/Library/Python/3.9/lib/python/site-packages/telegram/ext/_extbot.py", line 676, in get_updates
    updates = await super().get_updates(
  File "/Users/cj/Library/Python/3.9/lib/python/site-packages/telegram/_bot.py", line 4780, in get_updates
    await self._post(
  File "/Users/cj/Library/Python/3.9/lib/python/site-packages/telegram/_bot.py", line 703, in _post
    return await self._do_post(
  File "/Users/cj/Library/Python/3.9/lib/python/site-packages/telegram/ext/_extbot.py", line 372, in _do_post
    return await super()._do_post(
  File "/Users/cj/Library/Python/3.9/lib/python/site-packages/telegram/_bot.py", line 732, in _do_post
    result = await request.post(
  File "/Users/cj/Library/Python/3.9/lib/python/site-packages/telegram/request/_baserequest.py", line 198, in post
    result = await self._request_wrapper(
  File "/Users/cj/Library/Python/3.9/lib/python/site-packages/telegram/request/_baserequest.py", line 375, in _request_wrapper
    raise exception
telegram.error.Conflict: Conflict: terminated by other getUpdates request; make sure that only one bot instance is running
2026-09-29 14:40:55,461 ERROR No error handlers are registered, logging exception.
Traceback (most recent call last):
  File "/Users/cj/Library/Python/3.9/lib/python/site-packages/telegram/ext/_utils/networkloop.py", line 134, in network_retry_loop
    await do_action()
  File "/Users/cj/Library/Python/3.9/lib/python/site-packages/telegram/ext/_utils/networkloop.py", line 127, in do_action
    action_cb_task.result()
  File "/Users/cj/Library/Python/3.9/lib/python/site-packages/telegram/ext/_updater.py", line 340, in polling_action_cb
    updates = await self.bot.get_updates(
  File "/Users/cj/Library/Python/3.9/lib/python/site-packages/telegram/ext/_extbot.py", line 676, in get_updates
    updates = await super().get_updates(
  File "/Users/cj/Library/Python/3.9/lib/python/site-packages/telegram/_bot.py", line 4780, in get_updates
    await self._post(
  File "/Users/cj/Library/Python/3.9/lib/python/site-packages/telegram/_bot.py", line 703, in _post
    return await self._do_post(
  File "/Users/cj/Library/Python/3.9/lib/python/site-packages/telegram/ext/_extbot.py", line 372, in _do_post
    return await super()._do_post(
  File "/Users/cj/Library/Python/3.9/lib/python/site-packages/telegram/_bot.py", line 732, in _do_post
    result = await request.post(
  File "/Users/cj/Library/Python/3.9/lib/python/site-packages/telegram/request/_baserequest.py", line 198, in post
    result = await self._request_wrapper(
  File "/Users/cj/Library/Python/3.9/lib/python/site-packages/telegram/request/_baserequest.py", line 375, in _request_wrapper
    raise exception
telegram.error.Conflict: Conflict: terminated by other getUpdates request; make sure that only one bot instance is running
2026-09-29 14:41:01,743 ERROR No error handlers are registered, logging exception.
Traceback (most recent call last):
  File "/Users/cj/Library/Python/3.9/lib/python/site-packages/telegram/ext/_utils/networkloop.py", line 134, in network_retry_loop
    await do_action()
  File "/Users/cj/Library/Python/3.9/lib/python/site-packages/telegram/ext/_utils/networkloop.py", line 127, in do_action
    action_cb_task.result()
  File "/Users/cj/Library/Python/3.9/lib/python/site-packages/telegram/ext/_updater.py", line 340, in polling_action_cb
    updates = await self.bot.get_updates(
  File "/Users/cj/Library/Python/3.9/lib/python/site-packages/telegram/ext/_extbot.py", line 676, in get_updates
    updates = await super().get_updates(
  File "/Users/cj/Library/Python/3.9/lib/python/site-packages/telegram/_bot.py", line 4780, in get_updates
    await self._post(
  File "/Users/cj/Library/Python/3.9/lib/python/site-packages/telegram/_bot.py", line 703, in _post
    return await self._do_post(
  File "/Users/cj/Library/Python/3.9/lib/python/site-packages/telegram/ext/_extbot.py", line 372, in _do_post
    return await super()._do_post(
  File "/Users/cj/Library/Python/3.9/lib/python/site-packages/telegram/_bot.py", line 732, in _do_post
    result = await request.post(
  File "/Users/cj/Library/Python/3.9/lib/python/site-packages/telegram/request/_baserequest.py", line 198, in post
    result = await self._request_wrapper(
  File "/Users/cj/Library/Python/3.9/lib/python/site-packages/telegram/request/_baserequest.py", line 375, in _request_wrapper
    raise exception
telegram.error.Conflict: Conflict: terminated by other getUpdates request; make sure that only one bot instance is running
2026-09-29 14:41:10,209 ERROR No error handlers are registered, logging exception.
Traceback (most recent call last):
  File "/Users/cj/Library/Python/3.9/lib/python/site-packages/telegram/ext/_utils/networkloop.py", line 134, in network_retry_loop
    await do_action()
  File "/Users/cj/Library/Python/3.9/lib/python/site-packages/telegram/ext/_utils/networkloop.py", line 127, in do_action
    action_cb_task.result()
  File "/Users/cj/Library/Python/3.9/lib/python/site-packages/telegram/ext/_updater.py", line 340, in polling_action_cb
    updates = await self.bot.get_updates(
  File "/Users/cj/Library/Python/3.9/lib/python/site-packages/telegram/ext/_extbot.py", line 676, in get_updates
    updates = await super().get_updates(
  File "/Users/cj/Library/Python/3.9/lib/python/site-packages/telegram/_bot.py", line 4780, in get_updates
    await self._post(
  File "/Users/cj/Library/Python/3.9/lib/python/site-packages/telegram/_bot.py", line 703, in _post
    return await self._do_post(
  File "/Users/cj/Library/Python/3.9/lib/python/site-packages/telegram/ext/_extbot.py", line 372, in _do_post
    return await super()._do_post(
  File "/Users/cj/Library/Python/3.9/lib/python/site-packages/telegram/_bot.py", line 732, in _do_post
    result = await request.post(
  File "/Users/cj/Library/Python/3.9/lib/python/site-packages/telegram/request/_baserequest.py", line 198, in post
    result = await self._request_wrapper(
  File "/Users/cj/Library/Python/3.9/lib/python/site-packages/telegram/request/_baserequest.py", line 375, in _request_wrapper
    raise exception
telegram.error.Conflict: Conflict: terminated by other getUpdates request; make sure that only one bot instance is running
2026-09-29 14:41:19,478 ERROR No error handlers are registered, logging exception.
Traceback (most recent call last):
  File "/Users/cj/Library/Python/3.9/lib/python/site-packages/telegram/ext/_utils/networkloop.py", line 134, in network_retry_loop
    await do_action()
  File "/Users/cj/Library/Python/3.9/lib/python/site-packages/telegram/ext/_utils/networkloop.py", line 127, in do_action
    action_cb_task.result()
  File "/Users/cj/Library/Python/3.9/lib/python/site-packages/telegram/ext/_updater.py", line 340, in polling_action_cb
    updates = await self.bot.get_updates(
  File "/Users/cj/Library/Python/3.9/lib/python/site-packages/telegram/ext/_extbot.py", line 676, in get_updates
    updates = await super().get_updates(
  File "/Users/cj/Library/Python/3.9/lib/python/site-packages/telegram/_bot.py", line 4780, in get_updates
    await self._post(
  File "/Users/cj/Library/Python/3.9/lib/python/site-packages/telegram/_bot.py", line 703, in _post
    return await self._do_post(
  File "/Users/cj/Library/Python/3.9/lib/python/site-packages/telegram/ext/_extbot.py", line 372, in _do_post
    return await super()._do_post(
  File "/Users/cj/Library/Python/3.9/lib/python/site-packages/telegram/_bot.py", line 732, in _do_post
    result = await request.post(
  File "/Users/cj/Library/Python/3.9/lib/python/site-packages/telegram/request/_baserequest.py", line 198, in post
    result = await self._request_wrapper(
  File "/Users/cj/Library/Python/3.9/lib/python/site-packages/telegram/request/_baserequest.py", line 375, in _request_wrapper
    raise exception
telegram.error.Conflict: Conflict: terminated by other getUpdates request; make sure that only one bot instance is running
2026-09-29 14:42:17,550 INFO SB24 – ព័ត៌មានកីឡា is running…
2026-09-29 14:42:19,301 INFO Application started
2026-09-29 14:47:00,202 INFO SB24 – ព័ត៌មានកីឡា is running…
2026-09-29 14:47:01,932 INFO Application started
